distanza_calcolata,distanza_reale,errore,tag_center_x,tag_center_y
0.36,0.27,0.09,617,314
0.33,0.25,0.08,594,330
0.31,0.22,0.09,576,347
0.28,0.2,0.08,556,369
0.26,0.18,0.08,540,390
0.24,0.15,0.09,526,412
0.76,0.59,0.17,30,65
0.77,0.54,0.23,74,54
0.73,0.51,0.22,108,62
0.71,0.49,0.22,134,71
0.68,0.46,0.22,166,84
0.63,0.4,0.23,204,103
0.59,0.37,0.22,235,121
0.55,0.33,0.22,265,142
0.52,0.29,0.23,296,166
0.48,0.25,0.23,327,193
0.39,0.21,0.18,357,223
0.3,0.18,0.12,400,274
0.26,0.17,0.09,430,315
0.24,0.15,0.09,460,362
0.24,0.15,0.09,490,416
0.45,0.37,0.08,21,242
0.45,0.36,0.09,56,224
0.45,0.35,0.1,82,213
0.46,0.35,0.11,116,200
0.48,0.34,0.14,145,192
0.48,0.34,0.14,181,183
0.5,0.33,0.17,217,177
0.52,0.33,0.19,252,172
0.53,0.33,0.2,288,170
0.5,0.33,0.17,323,170
0.49,0.31,0.18,351,171
0.45,0.27,0.18,373,182
0.39,0.26,0.13,345,207
0.36,0.26,0.1,329,224
0.35,0.26,0.09,359,227
0.35,0.27,0.08,392,232
0.33,0.27,0.06,425,238
0.33,0.28,0.05,458,246
0.31,0.28,0.03,491,257
0.31,0.3,0.01,518,268
0.31,0.3,0.01,552,283
0.31,0.31,0.0,586,301
0.36,0.3,0.06,599,299
0.36,0.29,0.07,564,280
0.36,0.28,0.08,530,264
0.36,0.28,0.08,489,248
0.36,0.27,0.09,456,238
0.36,0.23,0.13,419,230
0.33,0.21,0.12,416,249
0.28,0.2,0.08,448,290
0.24,0.19,0.05,480,335
0.24,0.18,0.06,512,388
0.26,0.19,0.07,539,435
0.52,0.43,0.09,49,171
0.52,0.42,0.1,89,157
0.53,0.41,0.12,128,146
0.54,0.41,0.13,164,137
0.57,0.41,0.16,198,129
0.58,0.41,0.17,232,124
0.6,0.4,0.2,265,120
0.62,0.41,0.21,299,118
0.62,0.41,0.21,333,117
0.62,0.41,0.21,360,118
0.6,0.41,0.19,397,122
0.58,0.42,0.16,436,128
0.55,0.41,0.14,474,136
0.54,0.39,0.15,500,144
0.52,0.35,0.17,498,158
0.48,0.31,0.17,466,175
0.45,0.27,0.18,434,194
0.41,0.23,0.18,403,217
0.36,0.2,0.16,373,244
0.3,0.16,0.14,343,274
0.26,0.13,0.13,320,301
0.22,0.1,0.12,297,332
0.19,0.08,0.11,269,375
0.19,0.08,0.11,242,424
0.48,0.39,0.09,608,217
0.48,0.38,0.1,569,200
0.49,0.37,0.12,530,186
0.52,0.37,0.15,485,172
0.53,0.36,0.17,455,164
0.54,0.35,0.19,426,158
0.54,0.29,0.25,390,158
0.46,0.24,0.22,379,189
0.38,0.2,0.18,382,229
0.28,0.16,0.12,386,273
0.22,0.11,0.11,389,322
0.19,0.07,0.12,393,377
0.48,0.39,0.09,602,213
0.49,0.38,0.11,563,196
0.5,0.37,0.13,525,182
0.5,0.37,0.13,487,170
0.53,0.36,0.17,450,161
0.55,0.36,0.19,405,153
0.57,0.36,0.21,369,148
0.58,0.36,0.22,332,146
0.55,0.36,0.19,296,145
0.55,0.36,0.19,293,146
0.55,0.36,0.19,289,146
0.54,0.36,0.18,284,147
0.54,0.36,0.18,278,148
0.53,0.36,0.17,272,148
0.53,0.36,0.17,266,149
0.52,0.36,0.16,255,151
0.52,0.34,0.18,244,153
0.48,0.3,0.18,215,163
0.42,0.26,0.16,199,192
0.35,0.23,0.12,193,232
0.28,0.19,0.09,187,276
0.22,0.15,0.07,180,326
0.19,0.12,0.07,171,381
0.22,0.12,0.1,163,442
0.72,0.57,0.15,24,82
0.73,0.57,0.16,69,69
0.76,0.56,0.2,113,57
0.78,0.56,0.22,156,49
0.78,0.53,0.25,207,41
0.79,0.5,0.29,247,42
0.76,0.47,0.29,276,55
0.71,0.43,0.28,311,74
0.68,0.4,0.28,339,91
0.62,0.37,0.25,367,110
0.55,0.34,0.21,402,137
0.48,0.32,0.16,438,168
0.41,0.3,0.11,475,203
0.36,0.28,0.08,512,243
0.31,0.27,0.04,549,289
0.3,0.27,0.03,589,341
0.62,0.49,0.13,53,123
0.63,0.48,0.15,91,111
0.65,0.48,0.17,129,101
0.66,0.47,0.19,168,92
0.68,0.47,0.21,209,86
0.69,0.47,0.22,248,82
0.7,0.47,0.23,288,79
0.7,0.47,0.23,320,79
0.69,0.47,0.22,359,81
0.68,0.47,0.21,399,84
0.65,0.48,0.17,441,90
0.64,0.48,0.16,477,96
0.63,0.49,0.14,513,104
0.62,0.5,0.12,550,114
0.59,0.51,0.08,607,133
0.41,0.32,0.09,595,239
0.38,0.3,0.08,568,254
0.35,0.26,0.09,547,268
0.31,0.24,0.07,521,288
0.3,0.19,0.11,497,311
0.26,0.15,0.11,474,337
0.24,0.1,0.14,452,367
0.22,0.07,0.15,431,401
0.78,0.61,0.17,55,49
0.81,0.6,0.21,109,36
0.84,0.6,0.24,154,27
0.86,0.59,0.27,207,20
0.87,0.59,0.28,250,16
0.87,0.57,0.3,292,14
0.85,0.52,0.33,317,19
0.79,0.49,0.3,290,39
0.75,0.43,0.32,288,60
0.68,0.39,0.29,287,88
0.62,0.34,0.28,285,119
0.54,0.3,0.24,284,152
0.46,0.24,0.22,282,196
0.35,0.16,0.19,279,254
0.26,0.12,0.14,277,301
0.22,0.07,0.15,274,353
0.19,0.03,0.16,272,411
0.71,0.56,0.15,58,77
0.73,0.55,0.18,89,68
0.75,0.55,0.2,123,59
0.76,0.55,0.21,166,51
0.78,0.53,0.25,208,45
0.78,0.5,0.28,246,45
0.75,0.45,0.3,283,63
0.69,0.42,0.27,318,83
0.65,0.39,0.26,346,100
0.58,0.37,0.21,381,126
0.54,0.33,0.21,409,148
0.46,0.31,0.15,445,180
0.41,0.28,0.13,481,217
0.35,0.27,0.08,518,258
0.31,0.26,0.05,556,306
0.31,0.26,0.05,595,361
0.28,0.22,0.06,590,408
0.26,0.21,0.05,560,388
0.24,0.21,0.03,537,373
0.22,0.19,0.03,508,358
0.22,0.19,0.03,479,344
0.22,0.18,0.04,450,333
0.22,0.17,0.05,421,323
0.19,0.17,0.02,392,317
0.19,0.17,0.02,364,312
0.19,0.17,0.02,335,308
0.19,0.18,0.01,307,307
0.19,0.18,0.01,278,308
0.22,0.18,0.04,249,311
0.22,0.16,0.06,220,317
0.19,0.11,0.08,213,342
0.17,0.07,0.1,229,369
0.14,0.05,0.09,248,407
0.3,0.22,0.08,33,413
0.3,0.19,0.11,46,440
0.31,0.23,0.08,40,371
0.3,0.2,0.1,58,396
0.28,0.18,0.1,72,424
0.62,0.49,0.13,586,119
0.64,0.49,0.15,535,102
0.66,0.49,0.17,493,91
0.69,0.48,0.21,452,83
0.7,0.48,0.22,411,76
0.71,0.48,0.23,379,73
0.72,0.48,0.24,339,70
0.72,0.49,0.23,307,70
0.71,0.49,0.22,275,70
0.71,0.49,0.22,243,72
0.7,0.47,0.23,210,76
0.65,0.43,0.22,168,91
0.59,0.39,0.2,155,122
0.52,0.35,0.17,148,155
0.46,0.31,0.15,141,184
0.41,0.27,0.14,132,224
0.35,0.25,0.1,125,258
0.31,0.22,0.09,117,296
0.28,0.19,0.09,105,347
0.26,0.18,0.08,93,405
0.57,0.44,0.13,49,157
0.57,0.44,0.13,90,143
0.58,0.43,0.15,129,132
0.6,0.43,0.17,169,123
0.62,0.42,0.2,200,117
0.63,0.42,0.21,237,112
0.64,0.42,0.22,276,110
0.64,0.41,0.23,306,109
0.63,0.37,0.26,339,111
0.59,0.35,0.24,326,129
0.54,0.31,0.23,282,160
0.48,0.29,0.19,252,183
0.43,0.25,0.18,250,203
0.39,0.21,0.18,272,224
0.33,0.18,0.15,299,254
0.28,0.14,0.14,325,288
0.22,0.12,0.1,352,326
0.19,0.09,0.1,377,369
0.19,0.08,0.11,397,407
0.55,0.45,0.1,61,145
0.57,0.44,0.13,101,132
0.58,0.44,0.14,142,122
0.59,0.44,0.15,171,115
0.62,0.44,0.18,206,108
0.63,0.43,0.2,248,103
0.64,0.44,0.2,275,100
0.65,0.44,0.21,310,99
0.65,0.44,0.21,345,99
0.64,0.44,0.2,383,102
0.63,0.44,0.19,422,107
0.62,0.45,0.17,462,114
0.6,0.45,0.15,493,121
0.58,0.46,0.12,528,130
0.57,0.47,0.1,564,141
0.55,0.48,0.07,608,156
0.57,0.45,0.12,591,151
0.58,0.45,0.13,549,136
0.59,0.45,0.14,517,126
0.6,0.44,0.16,485,117
0.63,0.44,0.19,453,110
0.64,0.44,0.2,414,104
0.65,0.44,0.21,375,99
0.65,0.44,0.21,336,96
0.66,0.44,0.22,297,96
0.65,0.45,0.2,258,98
0.63,0.45,0.18,219,101
0.6,0.46,0.14,171,109
0.59,0.47,0.12,133,117
0.58,0.48,0.1,93,128
0.57,0.48,0.09,51,141
0.46,0.38,0.08,33,218
0.48,0.37,0.11,72,203
0.49,0.37,0.12,105,190
0.49,0.36,0.13,132,181
0.5,0.36,0.14,159,173
0.52,0.36,0.16,185,167
0.53,0.36,0.17,211,161
0.54,0.36,0.18,243,156
0.55,0.36,0.19,275,153
0.55,0.36,0.19,307,151
0.54,0.36,0.18,339,150
0.52,0.36,0.16,377,152
0.5,0.37,0.13,410,156
0.49,0.37,0.12,442,161
0.48,0.37,0.11,481,169
0.45,0.32,0.13,507,181
0.39,0.28,0.11,525,220
0.33,0.26,0.07,535,263
0.28,0.22,0.06,547,311
0.26,0.21,0.05,560,364
0.26,0.2,0.06,574,424
0.38,0.31,0.07,24,306
0.38,0.29,0.09,52,290
0.36,0.26,0.1,74,286
0.33,0.23,0.1,71,328
0.3,0.22,0.08,57,383
0.3,0.22,0.08,44,433
0.62,0.5,0.12,595,122
0.63,0.49,0.14,552,108
0.65,0.45,0.2,503,96
0.6,0.39,0.21,485,115
0.54,0.35,0.19,492,148
0.46,0.32,0.14,501,183
0.41,0.27,0.14,510,223
0.35,0.24,0.11,519,266
0.31,0.22,0.09,530,314
0.28,0.2,0.08,539,357
0.28,0.19,0.09,552,416
0.75,0.58,0.17,40,70
0.77,0.59,0.18,85,57
0.76,0.6,0.16,80,59
0.73,0.6,0.13,35,72
0.62,0.49,0.13,27,134
0.63,0.48,0.15,69,119
0.64,0.48,0.16,111,107
0.65,0.47,0.18,144,100
0.68,0.47,0.21,185,92
0.69,0.47,0.22,222,86
0.7,0.47,0.23,257,82
0.7,0.47,0.23,292,80
0.69,0.47,0.22,331,80
0.69,0.47,0.22,371,82
0.66,0.47,0.19,411,86
0.65,0.48,0.17,443,91
0.63,0.48,0.15,483,99
0.62,0.48,0.14,516,108
0.59,0.49,0.1,549,117
0.59,0.5,0.09,588,130
0.24,0.15,0.09,523,450
0.19,0.14,0.05,497,435
0.19,0.13,0.06,472,420
0.17,0.12,0.05,453,412
0.17,0.12,0.05,428,401
0.14,0.11,0.03,398,392
0.14,0.1,0.04,372,385
0.14,0.1,0.04,347,381
0.14,0.11,0.03,322,379
0.14,0.11,0.03,297,379
0.14,0.12,0.02,272,380
0.17,0.13,0.04,247,384
0.17,0.14,0.03,221,389
0.19,0.15,0.04,196,396
0.19,0.16,0.03,171,405
0.22,0.17,0.05,151,414
0.24,0.19,0.05,125,427
0.26,0.2,0.06,100,442
0.28,0.21,0.07,75,459
0.71,0.56,0.15,599,81
0.72,0.55,0.17,554,67
0.75,0.53,0.22,519,59
0.73,0.49,0.24,487,63
0.7,0.47,0.23,457,72
0.68,0.43,0.25,420,87
0.64,0.38,0.26,383,105
0.6,0.35,0.25,346,125
0.55,0.31,0.24,310,149
0.49,0.28,0.21,273,177
0.41,0.27,0.14,236,209
0.35,0.24,0.11,207,238
0.31,0.22,0.09,170,280
0.28,0.21,0.07,140,317
0.26,0.22,0.04,102,371
0.28,0.23,0.05,71,412
0.3,0.25,0.05,43,431
0.63,0.51,0.12,36,118
0.64,0.5,0.14,82,103
0.66,0.5,0.16,121,92
0.69,0.49,0.2,160,83
0.69,0.5,0.19,190,78
0.69,0.5,0.19,167,82
0.66,0.51,0.15,130,90
0.65,0.52,0.13,96,98
0.64,0.53,0.11,53,111
0.62,0.5,0.12,605,126
0.64,0.49,0.15,562,111
0.64,0.49,0.15,520,99
0.68,0.49,0.19,478,89
0.69,0.48,0.21,437,81
0.71,0.48,0.23,389,74
0.72,0.48,0.24,349,71
0.72,0.49,0.23,316,70
0.71,0.49,0.22,276,71
0.7,0.49,0.21,228,75
0.68,0.5,0.18,187,80
0.66,0.51,0.15,146,87
0.64,0.52,0.12,105,97
0.63,0.53,0.1,62,109
0.42,0.35,0.07,29,249
0.42,0.33,0.09,66,232
0.42,0.31,0.11,91,229
0.38,0.28,0.1,91,257
0.33,0.25,0.08,79,304
0.31,0.23,0.08,68,346
0.3,0.22,0.08,54,404
0.26,0.12,0.14,150,446
0.24,0.11,0.13,174,435
0.22,0.1,0.12,198,426
0.19,0.1,0.09,217,420
0.19,0.09,0.1,246,413
0.19,0.08,0.11,269,409
0.17,0.08,0.09,293,407
0.17,0.08,0.09,317,408
0.17,0.08,0.09,341,410
0.17,0.09,0.08,365,413
0.17,0.1,0.07,388,419
0.22,0.14,0.08,458,447
0.33,0.27,0.06,586,319
0.33,0.27,0.06,552,301
0.35,0.26,0.09,526,288
0.33,0.25,0.08,493,275
0.33,0.25,0.08,467,266
0.35,0.25,0.1,441,258
0.35,0.24,0.11,416,252
0.35,0.24,0.11,390,247
0.35,0.24,0.11,365,243
0.36,0.24,0.12,339,241
0.35,0.25,0.1,307,240
0.35,0.25,0.1,275,241
0.33,0.25,0.08,243,244
0.33,0.26,0.07,218,248
0.31,0.27,0.04,185,254
0.31,0.28,0.03,146,265
0.31,0.28,0.03,113,277
0.31,0.28,0.03,80,294
0.3,0.28,0.02,45,335
0.83,0.65,0.18,609,40
0.84,0.65,0.19,584,34
0.83,0.66,0.17,604,40
0.79,0.6,0.19,563,49
0.81,0.6,0.21,518,37
0.81,0.59,0.22,473,28
0.86,0.59,0.27,430,21
0.86,0.59,0.27,387,17
0.86,0.54,0.32,340,17
0.81,0.51,0.3,361,33
0.76,0.48,0.28,400,55
0.71,0.46,0.25,431,74
0.65,0.44,0.21,463,96
0.6,0.42,0.18,495,121
0.55,0.41,0.14,528,148
0.52,0.42,0.1,558,172
0.5,0.43,0.07,595,187
0.52,0.42,0.1,587,174
0.53,0.41,0.12,547,159
0.55,0.41,0.14,508,147
0.57,0.41,0.16,461,135
0.59,0.41,0.18,415,126
0.59,0.39,0.2,419,127
0.57,0.37,0.2,459,139
0.5,0.35,0.15,497,171
0.45,0.34,0.11,537,210
0.41,0.35,0.06,569,243
0.39,0.36,0.03,600,259
0.55,0.42,0.13,59,160
0.54,0.37,0.17,91,159
0.48,0.33,0.15,84,195
0.42,0.3,0.12,72,235
0.36,0.27,0.09,56,290
0.33,0.25,0.08,42,340
0.31,0.24,0.07,26,398
0.39,0.33,0.06,29,278
0.38,0.32,0.06,65,260
0.39,0.31,0.08,100,246
0.39,0.31,0.08,124,236
0.41,0.29,0.12,170,222
0.42,0.29,0.13,198,216
0.42,0.29,0.13,231,210
0.46,0.28,0.18,265,207
0.43,0.28,0.15,298,205
0.45,0.28,0.17,332,206
0.39,0.29,0.1,366,208
0.38,0.29,0.09,400,213
0.38,0.3,0.08,433,220
0.36,0.3,0.06,467,228
0.35,0.31,0.04,501,240
0.35,0.32,0.03,536,253
0.35,0.33,0.02,571,269
0.35,0.34,0.01,607,288
0.77,0.6,0.17,579,56
0.79,0.59,0.2,543,46
0.79,0.59,0.2,507,38
0.83,0.59,0.24,463,29
0.85,0.58,0.27,420,23
0.85,0.58,0.27,377,19
0.86,0.59,0.27,334,17
0.86,0.59,0.27,291,16
0.86,0.58,0.28,279,17
0.86,0.58,0.28,322,16
0.85,0.59,0.26,364,18
0.85,0.59,0.26,407,22
0.84,0.59,0.25,451,28
0.81,0.6,0.21,495,35
0.79,0.6,0.19,539,45
0.77,0.61,0.16,585,58
0.75,0.59,0.16,608,68
0.78,0.59,0.19,562,54
0.79,0.58,0.21,517,42
0.81,0.58,0.23,473,33
0.83,0.58,0.25,438,28
0.85,0.58,0.27,395,23
0.85,0.58,0.27,353,19
0.86,0.58,0.28,310,18
0.85,0.56,0.29,267,19
0.83,0.52,0.31,224,26
0.75,0.47,0.28,204,56
0.66,0.42,0.24,199,84
0.6,0.38,0.22,195,115
0.53,0.33,0.2,189,147
0.46,0.3,0.16,183,183
0.39,0.24,0.15,176,223
0.31,0.21,0.1,169,266
0.28,0.18,0.1,161,314
0.24,0.15,0.09,152,368
0.24,0.14,0.1,141,428
0.24,0.18,0.06,570,431
0.22,0.17,0.05,544,422
0.77,0.58,0.19,45,57
0.77,0.54,0.23,78,54
0.73,0.5,0.23,111,64
0.7,0.47,0.23,143,76
0.66,0.43,0.23,175,90
0.63,0.4,0.23,206,106
0.59,0.36,0.23,231,121
0.55,0.33,0.22,262,141
0.52,0.29,0.23,292,165
0.45,0.25,0.2,322,192
0.41,0.23,0.18,352,222
0.33,0.2,0.13,383,256
0.28,0.17,0.11,413,295
0.24,0.15,0.09,449,349
0.24,0.15,0.09,479,402
0.54,0.44,0.1,587,160
0.55,0.43,0.12,554,148
0.57,0.43,0.14,522,138
0.59,0.43,0.16,490,129
0.62,0.42,0.2,451,120
0.62,0.42,0.2,419,114
0.63,0.42,0.21,381,109
0.64,0.42,0.22,342,106
0.64,0.43,0.21,312,106
0.63,0.43,0.2,281,106
0.62,0.43,0.19,250,108
0.6,0.44,0.16,219,111
0.59,0.43,0.16,188,116
0.58,0.42,0.16,157,122
0.53,0.37,0.16,124,144
0.48,0.34,0.14,116,173
0.42,0.31,0.11,109,203
0.38,0.28,0.1,98,245
0.33,0.26,0.07,89,281
0.3,0.24,0.06,79,320
0.28,0.22,0.06,71,352
0.28,0.21,0.07,59,398
0.64,0.5,0.14,598,122
0.66,0.5,0.16,555,107
0.66,0.48,0.18,513,95
0.69,0.44,0.25,480,89
0.63,0.43,0.2,465,113
0.62,0.43,0.19,471,124
0.63,0.42,0.21,433,116
0.64,0.42,0.22,395,111
0.65,0.42,0.23,364,107
0.64,0.43,0.21,325,106
0.64,0.43,0.21,287,106
0.63,0.43,0.2,248,108
0.6,0.44,0.16,210,112
0.58,0.45,0.13,171,119
0.58,0.45,0.13,139,125
0.55,0.46,0.09,99,136
0.54,0.47,0.07,59,149
0.53,0.48,0.05,17,166
0.54,0.46,0.08,32,159
0.54,0.45,0.09,62,148
0.55,0.45,0.1,91,137
0.58,0.44,0.14,127,127
0.58,0.44,0.14,162,118
0.6,0.44,0.16,197,110
0.63,0.43,0.2,231,105
0.64,0.43,0.21,265,101
0.66,0.44,0.22,299,99
0.66,0.44,0.22,327,99
0.66,0.44,0.22,357,100
0.66,0.43,0.23,388,102
0.65,0.4,0.25,417,106
0.63,0.37,0.26,446,119
0.55,0.32,0.23,455,152
0.48,0.29,0.19,461,189
0.41,0.25,0.16,468,229
0.33,0.23,0.1,481,273
0.3,0.22,0.08,516,320
0.28,0.22,0.06,552,373
0.31,0.23,0.08,595,448
0.22,0.14,0.08,498,435
0.19,0.13,0.06,473,421
0.19,0.12,0.07,448,409
0.17,0.11,0.06,423,399
0.17,0.11,0.06,388,388
0.14,0.1,0.04,358,382
0.14,0.08,0.06,327,379
0.14,0.04,0.1,307,394
0.39,0.3,0.09,32,278
0.36,0.27,0.09,52,296
0.33,0.24,0.09,56,333
0.31,0.24,0.07,40,388
0.33,0.24,0.09,27,359
0.31,0.22,0.09,46,381
0.28,0.21,0.07,60,407
0.33,0.2,0.13,60,455
0.78,0.6,0.18,573,52
0.79,0.59,0.2,528,40
0.81,0.59,0.22,492,32
0.85,0.59,0.26,448,24
0.85,0.59,0.26,413,20
0.86,0.59,0.27,362,15
0.87,0.59,0.28,319,14
0.87,0.6,0.27,276,15
0.86,0.59,0.27,233,17
0.84,0.55,0.29,190,24
0.77,0.5,0.27,160,47
0.7,0.45,0.25,154,74
0.63,0.42,0.21,147,104
0.55,0.38,0.17,140,136
0.49,0.34,0.15,132,171
0.42,0.29,0.13,123,209
0.36,0.26,0.1,113,251
0.33,0.23,0.1,102,297
0.28,0.21,0.07,90,349
0.28,0.2,0.08,79,394
0.45,0.33,0.12,29,236
0.41,0.31,0.1,52,252
0.36,0.26,0.1,86,283
0.3,0.22,0.08,115,315
0.26,0.15,0.11,141,353
0.22,0.1,0.12,175,418
0.43,0.36,0.07,27,241
0.45,0.35,0.1,65,224
0.45,0.32,0.13,94,214
0.42,0.3,0.12,99,233
0.36,0.27,0.09,87,278
0.31,0.23,0.08,74,328
0.3,0.22,0.08,59,383
0.62,0.5,0.12,602,127
0.62,0.49,0.13,568,115
0.64,0.49,0.15,526,102
0.66,0.48,0.18,476,90
0.68,0.48,0.2,435,82
0.7,0.48,0.22,395,77
0.71,0.48,0.23,355,73
0.7,0.48,0.22,322,72
0.71,0.48,0.23,283,72
0.7,0.49,0.21,251,74
0.69,0.49,0.2,210,78
0.68,0.5,0.18,170,84
0.66,0.5,0.16,137,91
0.65,0.51,0.14,95,101
0.63,0.52,0.11,52,114
0.64,0.51,0.13,33,114
0.65,0.51,0.14,87,96
0.66,0.51,0.15,125,86
0.69,0.5,0.19,162,78
0.71,0.5,0.21,213,69
0.73,0.5,0.23,257,64
0.73,0.5,0.23,290,62
0.73,0.5,0.23,330,62
0.73,0.5,0.23,368,64
0.72,0.5,0.22,397,66
0.71,0.51,0.2,433,70
0.69,0.51,0.18,472,76
0.68,0.52,0.16,513,86
0.66,0.53,0.13,551,95
0.64,0.53,0.11,588,106
0.28,0.23,0.05,595,401
0.28,0.22,0.06,565,381
0.26,0.21,0.05,535,363
0.24,0.2,0.04,506,347
0.22,0.19,0.03,476,334
0.22,0.19,0.03,447,323
0.22,0.18,0.04,418,314
0.22,0.18,0.04,389,308
0.22,0.18,0.04,365,303
0.22,0.18,0.04,336,300
0.22,0.18,0.04,308,299
0.22,0.19,0.03,279,300
0.22,0.2,0.02,249,303
0.22,0.2,0.02,220,308
0.22,0.21,0.01,191,315
0.24,0.2,0.04,164,323
0.22,0.19,0.03,189,315
0.22,0.19,0.03,218,309
0.22,0.18,0.04,247,303
0.22,0.18,0.04,276,301
0.22,0.18,0.04,305,299
0.22,0.18,0.04,328,300
0.22,0.18,0.04,354,301
0.22,0.19,0.03,376,303
0.22,0.19,0.03,402,307
0.24,0.2,0.04,423,311
0.22,0.21,0.01,444,316
0.24,0.22,0.02,470,324
0.24,0.23,0.01,495,333
0.24,0.24,0.0,516,342
0.26,0.24,0.02,545,357
0.28,0.26,0.02,575,375
0.28,0.27,0.01,606,397
0.28,0.23,0.05,589,386
0.28,0.22,0.06,553,362
0.26,0.21,0.05,524,346
0.24,0.2,0.04,499,334
0.24,0.2,0.04,470,322
0.24,0.19,0.05,434,309
0.24,0.19,0.05,404,301
0.22,0.19,0.03,375,296
0.22,0.19,0.03,345,292
0.22,0.19,0.03,317,291
0.22,0.19,0.03,291,292
0.22,0.19,0.03,259,296
0.22,0.2,0.02,235,302
0.22,0.21,0.01,210,308
0.24,0.22,0.02,181,316
0.24,0.21,0.03,151,326
0.24,0.19,0.05,124,344
0.22,0.15,0.07,129,372
0.19,0.12,0.07,146,403
0.19,0.1,0.09,161,438
0.45,0.4,0.05,605,205
0.46,0.37,0.09,566,188
0.43,0.32,0.11,532,191
0.41,0.29,0.12,502,207
0.36,0.26,0.1,473,227
0.31,0.21,0.1,439,254
0.26,0.15,0.11,396,298
0.19,0.1,0.09,359,345
0.19,0.05,0.14,334,384
0.22,0.17,0.05,536,427
0.22,0.16,0.06,514,413
0.19,0.15,0.04,489,399
0.19,0.14,0.05,468,389
0.17,0.14,0.03,436,376
0.17,0.13,0.04,415,368
0.17,0.13,0.04,383,360
0.17,0.13,0.04,357,355
0.17,0.1,0.07,330,353
0.14,0.04,0.1,300,378
0.38,0.28,0.1,45,278
0.35,0.25,0.1,66,298
0.31,0.22,0.09,85,320
0.3,0.19,0.11,103,345
0.26,0.17,0.09,121,372
0.24,0.14,0.1,137,403
0.24,0.12,0.12,151,438
0.31,0.28,0.03,600,338
0.31,0.28,0.03,579,325
0.31,0.28,0.03,578,325
0.31,0.28,0.03,577,324
0.31,0.28,0.03,576,324
0.31,0.28,0.03,575,324
0.31,0.28,0.03,574,323
0.31,0.28,0.03,573,323
0.3,0.27,0.03,573,323
0.31,0.27,0.04,572,323
0.31,0.27,0.04,570,322
0.31,0.27,0.04,569,322
0.31,0.27,0.04,568,321
0.31,0.27,0.04,567,321
0.31,0.27,0.04,565,320
0.31,0.27,0.04,564,320
0.3,0.27,0.03,562,319
0.31,0.27,0.04,560,318
0.3,0.27,0.03,557,318
0.3,0.26,0.04,554,317
0.3,0.26,0.04,552,315
0.3,0.26,0.04,548,314
0.3,0.26,0.04,545,313
0.3,0.26,0.04,541,312
0.3,0.26,0.04,536,310
0.3,0.25,0.05,531,308
0.3,0.25,0.05,524,306
0.3,0.24,0.06,514,303
0.28,0.24,0.04,495,296
0.28,0.23,0.05,479,291
0.28,0.22,0.06,471,291
0.26,0.22,0.04,455,290
0.26,0.22,0.04,438,290
0.26,0.22,0.04,440,293
0.26,0.23,0.03,470,303
0.26,0.24,0.02,501,316
0.28,0.25,0.03,532,330
0.28,0.26,0.02,557,344
0.3,0.27,0.03,588,363
0.6,0.43,0.17,609,150
0.55,0.39,0.16,576,159
0.52,0.35,0.17,544,172
0.48,0.33,0.15,514,187
0.45,0.29,0.16,489,200
0.39,0.25,0.14,460,220
0.33,0.22,0.11,431,243
0.3,0.21,0.09,402,270
0.26,0.2,0.06,378,280
0.26,0.2,0.06,349,276
0.26,0.21,0.05,318,275
0.26,0.21,0.05,282,275
0.26,0.22,0.04,252,278
0.26,0.23,0.03,215,283
0.26,0.24,0.02,185,290
0.26,0.25,0.01,148,302
0.26,0.26,0.0,117,314
0.28,0.27,0.01,86,328
0.28,0.28,0.0,54,344
0.5,0.4,0.1,51,190
0.52,0.39,0.13,98,173
0.52,0.38,0.14,136,162
0.53,0.38,0.15,174,153
0.55,0.38,0.17,208,147
0.58,0.38,0.2,241,142
0.58,0.35,0.23,267,138
0.55,0.32,0.23,271,150
0.49,0.29,0.2,233,180
0.41,0.27,0.14,195,215
0.36,0.26,0.1,156,255
0.31,0.24,0.07,117,302
0.3,0.24,0.06,76,356
0.31,0.25,0.06,35,419
0.75,0.59,0.16,573,60
0.77,0.58,0.19,537,50
0.79,0.58,0.21,502,42
0.8,0.58,0.22,467,35
0.81,0.58,0.23,432,30
0.84,0.57,0.27,398,26
0.86,0.58,0.28,355,23
0.86,0.58,0.28,313,21
0.87,0.58,0.29,270,22
0.85,0.59,0.26,228,25
0.85,0.59,0.26,184,30
0.84,0.6,0.24,150,36
0.81,0.61,0.2,106,45
0.79,0.62,0.17,61,56
0.79,0.59,0.2,33,51
0.77,0.55,0.22,67,59
0.72,0.51,0.21,100,68
0.69,0.5,0.19,131,80
0.66,0.51,0.15,140,89
0.64,0.52,0.12,99,99
0.63,0.52,0.11,57,111
0.62,0.51,0.11,16,127
0.42,0.36,0.06,54,222
0.43,0.35,0.08,84,211
0.45,0.35,0.1,128,196
0.45,0.34,0.11,165,186
0.46,0.34,0.12,201,179
0.45,0.33,0.12,236,174
0.48,0.33,0.15,268,170
0.5,0.33,0.17,306,167
0.52,0.34,0.18,315,168
0.49,0.34,0.15,280,168
0.48,0.34,0.14,245,171
0.46,0.35,0.11,210,176
0.45,0.36,0.09,167,185
0.43,0.37,0.06,123,196
0.43,0.38,0.05,94,206
0.43,0.39,0.04,56,220
0.85,0.62,0.23,76,24
0.7,0.52,0.18,19,92
0.65,0.49,0.16,54,99
0.63,0.46,0.17,78,107
0.59,0.43,0.16,108,119
0.55,0.39,0.16,131,131
0.52,0.35,0.17,160,147
0.48,0.32,0.16,188,166
0.43,0.27,0.16,216,187
0.38,0.24,0.14,243,210
0.35,0.21,0.14,270,238
0.3,0.18,0.12,291,262
0.26,0.15,0.11,312,288
0.22,0.13,0.09,332,318
0.19,0.1,0.09,357,358
0.19,0.07,0.12,387,415
0.49,0.4,0.09,31,210
0.49,0.39,0.1,63,197
0.5,0.37,0.13,93,186
0.5,0.36,0.14,131,175
0.48,0.33,0.15,127,193
0.42,0.33,0.09,83,236
0.39,0.32,0.07,46,275
0.3,0.23,0.07,41,407
0.28,0.23,0.05,70,388
0.28,0.25,0.03,67,391
0.3,0.26,0.04,37,411
0.3,0.24,0.06,40,415
0.39,0.33,0.06,613,281
0.39,0.32,0.07,584,265
0.41,0.31,0.1,541,245
0.41,0.3,0.11,506,231
0.42,0.3,0.12,464,218
0.42,0.3,0.12,430,209
0.43,0.3,0.13,396,203
0.46,0.3,0.16,361,198
0.46,0.3,0.16,328,196
0.43,0.3,0.13,293,196
0.41,0.3,0.11,260,198
0.41,0.31,0.1,225,202
0.39,0.32,0.07,191,208
0.38,0.33,0.05,156,216
0.38,0.34,0.04,121,227
0.38,0.34,0.04,86,239
0.36,0.32,0.04,49,258
0.87,0.57,0.3,456,16
0.8,0.5,0.3,461,40
0.72,0.46,0.26,467,67
0.64,0.41,0.23,473,95
0.58,0.37,0.21,479,127
0.49,0.34,0.15,486,160
0.43,0.31,0.12,492,190
0.36,0.27,0.09,501,230
0.3,0.22,0.08,510,274
0.26,0.2,0.06,521,323
0.24,0.18,0.06,532,378
0.24,0.17,0.07,545,440
0.78,0.6,0.18,16,69
0.78,0.6,0.18,62,54
0.8,0.59,0.21,107,43
0.83,0.58,0.25,160,33
0.84,0.58,0.26,204,26
0.86,0.58,0.28,246,23
0.86,0.58,0.28,289,21
0.88,0.58,0.3,331,21
0.86,0.58,0.28,365,22
0.86,0.58,0.28,400,25
0.85,0.58,0.27,442,30
0.84,0.59,0.25,477,36
0.81,0.59,0.22,521,45
0.8,0.6,0.2,566,57
0.77,0.61,0.16,612,71
0.57,0.46,0.11,589,144
0.59,0.46,0.13,548,130
0.62,0.45,0.17,507,118
0.63,0.45,0.18,467,108
0.65,0.45,0.2,427,100
0.68,0.45,0.23,388,95
0.69,0.45,0.24,356,92
0.71,0.45,0.26,317,91
0.71,0.45,0.26,286,91
0.7,0.46,0.24,247,94
0.69,0.46,0.23,207,98
0.66,0.47,0.19,168,104
0.64,0.48,0.16,127,113
0.63,0.49,0.14,78,127
0.6,0.5,0.1,28,144
0.63,0.47,0.16,55,134
0.64,0.47,0.17,94,121
0.65,0.46,0.19,125,112
0.66,0.46,0.2,165,104
0.68,0.45,0.23,205,97
0.7,0.45,0.25,245,93
0.71,0.45,0.26,292,90
0.71,0.45,0.26,323,90
0.7,0.45,0.25,354,91
0.68,0.45,0.23,393,95
0.65,0.46,0.19,433,100
0.63,0.46,0.17,473,108
0.6,0.47,0.13,521,120
0.58,0.46,0.12,563,133
0.55,0.44,0.11,608,159
0.88,0.55,0.33,234,19
0.79,0.51,0.28,179,48
0.72,0.49,0.23,132,76
0.65,0.47,0.18,83,109
0.57,0.46,0.11,33,147
0.39,0.35,0.04,22,260
0.38,0.34,0.04,57,241
0.39,0.33,0.06,94,227
0.39,0.32,0.07,137,213
0.41,0.32,0.09,172,203
0.41,0.31,0.1,207,196
0.42,0.31,0.11,242,191
0.43,0.31,0.12,276,188
0.45,0.31,0.14,310,187
0.45,0.31,0.14,345,188
0.45,0.31,0.14,379,192
0.45,0.32,0.13,414,197
0.43,0.3,0.13,449,204
0.39,0.27,0.12,483,226
0.35,0.26,0.09,523,271
0.31,0.26,0.05,553,309
0.3,0.26,0.04,591,364
0.6,0.5,0.1,610,128
0.62,0.5,0.12,567,112
0.64,0.49,0.15,525,100
0.65,0.49,0.16,492,91
0.69,0.48,0.21,451,83
0.7,0.48,0.22,410,76
0.71,0.48,0.23,369,72
0.73,0.49,0.24,330,70
0.73,0.49,0.24,289,70
0.75,0.49,0.26,249,72
0.72,0.48,0.24,209,76
0.7,0.44,0.26,167,87
0.63,0.39,0.24,146,118
0.55,0.36,0.19,138,151
0.48,0.32,0.16,130,187
0.42,0.28,0.14,121,227
0.36,0.24,0.12,110,271
0.31,0.23,0.08,99,320
0.28,0.2,0.08,86,374
0.28,0.19,0.09,72,435
0.42,0.38,0.04,597,219
0.43,0.37,0.06,558,203
0.45,0.36,0.09,520,189
0.46,0.36,0.1,483,177
0.48,0.36,0.12,446,168
0.49,0.36,0.13,409,161
0.52,0.36,0.16,373,156
0.54,0.36,0.18,330,153
0.55,0.36,0.19,287,153
0.54,0.37,0.17,250,155
0.53,0.35,0.18,214,159
0.49,0.33,0.16,177,172
0.43,0.31,0.12,135,210
0.39,0.3,0.09,92,253
0.35,0.3,0.05,38,316
0.42,0.38,0.04,580,207
0.45,0.37,0.08,535,189
0.46,0.37,0.09,504,179
0.48,0.36,0.12,467,168
0.49,0.36,0.13,430,160
0.52,0.35,0.17,393,154
0.53,0.33,0.2,365,153
0.49,0.29,0.2,366,167
0.41,0.27,0.14,400,198
0.35,0.25,0.1,426,226
0.3,0.23,0.07,459,265
0.26,0.21,0.05,486,301
0.24,0.21,0.03,520,350
0.24,0.21,0.03,555,407
0.79,0.56,0.23,606,62
0.77,0.52,0.25,573,71
0.7,0.49,0.21,582,99
0.63,0.49,0.14,593,131
0.6,0.5,0.1,613,146
0.69,0.52,0.17,41,87
0.65,0.47,0.18,72,97
0.62,0.45,0.17,103,108
0.57,0.39,0.18,138,125
0.54,0.36,0.18,167,141
0.5,0.31,0.19,196,160
0.45,0.28,0.17,224,181
0.39,0.25,0.14,251,205
0.35,0.2,0.15,290,244
0.3,0.16,0.14,317,276
0.24,0.13,0.11,343,312
0.28,0.11,0.17,369,353
0.22,0.08,0.14,389,390
0.6,0.5,0.1,610,140
0.54,0.43,0.11,33,173
0.55,0.43,0.12,74,158
0.57,0.42,0.15,113,146
0.59,0.41,0.18,160,134
0.6,0.41,0.19,199,127
0.62,0.41,0.21,237,122
0.63,0.41,0.22,283,119
0.63,0.41,0.22,307,118
0.63,0.41,0.22,263,120
0.6,0.42,0.18,225,124
0.59,0.43,0.16,187,129
0.58,0.43,0.15,148,137
0.57,0.44,0.13,117,145
0.55,0.45,0.1,77,157
0.54,0.46,0.08,45,169
0.38,0.28,0.1,595,286
0.33,0.26,0.07,571,304
0.3,0.22,0.08,548,325
0.26,0.18,0.08,526,348
0.24,0.15,0.09,505,375
0.22,0.12,0.1,485,405
0.19,0.1,0.09,471,432
0.87,0.6,0.27,597,37
0.84,0.57,0.27,557,43
0.81,0.52,0.29,519,51
0.77,0.49,0.28,488,60
0.73,0.45,0.28,451,72
0.72,0.42,0.3,413,87
0.66,0.39,0.27,376,105
0.62,0.35,0.27,339,126
0.55,0.3,0.25,303,151
0.46,0.28,0.18,266,179
0.41,0.26,0.15,236,205
0.33,0.24,0.09,199,241
0.28,0.23,0.05,162,283
0.26,0.22,0.04,124,332
0.26,0.22,0.04,85,389
0.28,0.14,0.14,120,454
0.22,0.13,0.09,146,442
0.17,0.12,0.05,170,430
0.17,0.11,0.06,194,421
0.17,0.1,0.07,223,412
0.14,0.09,0.05,248,407
0.14,0.08,0.06,276,403
0.14,0.08,0.06,301,402
0.14,0.09,0.05,329,403
0.14,0.09,0.05,349,405
0.14,0.1,0.04,368,408
0.17,0.11,0.06,392,414
0.17,0.11,0.06,416,421
0.17,0.12,0.05,440,431
0.19,0.13,0.06,459,440
0.6,0.43,0.17,616,155
0.55,0.38,0.17,583,165
0.52,0.35,0.17,545,180
0.46,0.31,0.15,515,195
0.42,0.29,0.13,485,213
0.38,0.26,0.12,469,230
0.33,0.25,0.08,500,270
0.3,0.24,0.06,537,318
0.28,0.24,0.04,573,372
0.5,0.41,0.09,28,199
0.52,0.38,0.14,75,181
0.52,0.35,0.17,112,171
0.48,0.32,0.16,141,187
0.43,0.27,0.16,171,207
0.38,0.24,0.14,199,230
0.31,0.19,0.12,229,261
0.26,0.16,0.1,253,291
0.22,0.11,0.11,281,332
0.17,0.06,0.11,308,379
0.55,0.42,0.13,599,151
0.52,0.38,0.14,566,161
0.46,0.34,0.12,528,177
0.43,0.3,0.13,497,193
0.41,0.27,0.14,473,208
0.36,0.24,0.12,444,230
0.33,0.19,0.14,415,254
0.28,0.16,0.12,381,288
0.24,0.11,0.13,349,329
0.19,0.06,0.13,323,367
0.19,0.03,0.16,298,411
0.5,0.41,0.09,47,191
0.52,0.4,0.12,84,177
0.53,0.39,0.14,122,165
0.54,0.39,0.15,160,155
0.57,0.38,0.19,212,145
0.58,0.38,0.2,249,141
0.59,0.38,0.21,286,139
0.57,0.38,0.19,330,138
0.55,0.38,0.17,360,140
0.53,0.38,0.15,397,144
0.52,0.39,0.13,434,150
0.49,0.39,0.1,471,159
0.48,0.4,0.08,509,169
0.46,0.41,0.05,548,182
0.45,0.41,0.04,587,198
0.5,0.4,0.1,613,194
0.88,0.54,0.34,235,21
0.81,0.52,0.29,190,45
0.75,0.5,0.25,143,72
0.68,0.48,0.2,94,104
0.62,0.46,0.16,55,133
0.48,0.41,0.07,26,200
0.48,0.4,0.08,65,183
0.48,0.39,0.09,97,173
0.49,0.39,0.1,133,161
0.5,0.39,0.11,160,154
0.52,0.39,0.13,200,145
0.54,0.38,0.16,240,139
0.57,0.38,0.19,273,135
0.59,0.38,0.21,310,134
0.6,0.38,0.22,347,135
0.58,0.38,0.2,391,139
0.59,0.38,0.21,387,139
0.59,0.38,0.21,355,137
0.59,0.38,0.21,322,137
0.57,0.38,0.19,290,138
0.55,0.38,0.17,257,141
0.53,0.38,0.15,230,144
0.52,0.39,0.13,197,149
0.49,0.4,0.09,162,157
0.49,0.4,0.09,131,165
0.48,0.41,0.07,103,173
0.48,0.42,0.06,73,184
0.46,0.43,0.03,34,199
0.86,0.55,0.31,170,31
0.77,0.53,0.24,111,64
0.7,0.51,0.19,61,97
0.83,0.64,0.19,28,41
0.85,0.64,0.21,74,29
0.86,0.63,0.23,120,18
0.86,0.54,0.32,242,26
0.78,0.5,0.28,197,49
0.7,0.47,0.23,150,77
0.62,0.43,0.19,114,108
0.54,0.39,0.15,105,140
0.48,0.36,0.12,95,175
0.41,0.32,0.09,85,214
0.36,0.28,0.08,73,256
0.31,0.26,0.05,60,303
0.28,0.24,0.04,42,367
0.88,0.53,0.35,323,25
0.85,0.49,0.36,289,39
0.77,0.47,0.3,246,62
0.71,0.44,0.27,212,82
0.65,0.41,0.24,177,104
0.57,0.4,0.17,132,137
0.5,0.38,0.12,85,175
0.43,0.38,0.05,38,219
0.43,0.35,0.08,56,236
0.43,0.34,0.09,92,222
0.45,0.33,0.12,128,209
0.45,0.33,0.12,157,201
0.45,0.32,0.13,193,193
0.46,0.32,0.14,227,187
0.49,0.29,0.2,262,184
0.46,0.22,0.24,295,201
0.33,0.18,0.15,294,242
0.22,0.1,0.12,291,327
0.42,0.39,0.03,43,222
0.46,0.37,0.09,50,217
0.46,0.37,0.09,88,202
0.48,0.36,0.12,122,190
0.49,0.36,0.13,155,180
0.49,0.35,0.14,187,172
0.52,0.35,0.17,220,165
0.53,0.35,0.18,252,160
0.55,0.35,0.2,288,158
0.55,0.35,0.2,323,158
0.5,0.35,0.15,367,161
0.48,0.35,0.13,410,166
0.46,0.36,0.1,453,175
0.45,0.37,0.08,490,185
0.43,0.37,0.06,534,200
0.43,0.38,0.05,572,215
0.42,0.39,0.03,611,232
0.84,0.56,0.28,526,36
0.76,0.51,0.25,535,62
0.68,0.47,0.21,544,90
0.63,0.43,0.2,553,121
0.57,0.39,0.18,564,154
0.49,0.37,0.12,575,191
0.42,0.32,0.1,588,231
0.39,0.3,0.09,601,275
0.36,0.28,0.08,616,325
0.31,0.23,0.08,40,396
0.83,0.63,0.2,582,36
0.85,0.63,0.22,526,22
0.87,0.61,0.26,481,12
0.88,0.57,0.31,446,13
0.8,0.55,0.25,489,39
0.75,0.53,0.22,524,61
0.68,0.5,0.18,569,93
0.62,0.49,0.13,616,128
0.52,0.4,0.12,614,195
0.33,0.25,0.08,599,312
0.3,0.23,0.07,572,336
0.26,0.19,0.07,550,358
0.24,0.17,0.07,531,383
0.22,0.14,0.08,512,412
0.22,0.12,0.1,495,444
0.83,0.64,0.19,588,37
0.85,0.63,0.22,541,25
0.87,0.63,0.24,496,15
0.87,0.65,0.22,134,13
0.86,0.66,0.2,88,23
0.84,0.66,0.18,51,32
0.87,0.63,0.24,55,21
0.83,0.59,0.24,89,28
0.8,0.54,0.26,123,38
0.77,0.51,0.26,157,49
0.72,0.47,0.25,190,62
0.69,0.42,0.27,229,81
0.64,0.39,0.25,269,103
0.59,0.35,0.24,301,124
0.55,0.32,0.23,333,149
0.5,0.27,0.23,366,177
0.41,0.25,0.16,405,215
0.35,0.23,0.12,438,252
0.3,0.21,0.09,471,294
0.28,0.2,0.08,511,353
0.28,0.2,0.08,545,409
0.9,0.55,0.35,236,14
0.87,0.53,0.34,272,28
0.81,0.49,0.32,301,42
0.78,0.47,0.31,330,57
0.69,0.41,0.28,380,89
0.6,0.38,0.22,417,115
0.53,0.36,0.17,455,145
0.46,0.34,0.12,493,179
0.39,0.32,0.07,532,218
0.35,0.31,0.04,572,263
0.33,0.3,0.03,613,315
0.91,0.68,0.23,20,20
0.28,0.23,0.05,34,373
0.26,0.2,0.06,49,398
0.24,0.18,0.06,65,432
0.6,0.5,0.1,26,126
0.62,0.49,0.13,69,112
0.64,0.49,0.15,111,100
0.65,0.48,0.17,152,90
0.68,0.48,0.2,201,82
0.7,0.48,0.22,241,78
0.71,0.48,0.23,281,75
0.72,0.48,0.24,321,75
0.72,0.48,0.24,361,76
0.71,0.48,0.23,409,81
0.69,0.49,0.2,458,89
0.66,0.49,0.17,498,98
0.65,0.5,0.15,536,107
0.64,0.51,0.13,579,121
0.42,0.36,0.06,604,240
0.42,0.35,0.07,566,223
0.42,0.35,0.07,529,208
0.43,0.34,0.09,485,193
0.45,0.34,0.11,449,184
0.46,0.34,0.12,413,176
0.48,0.33,0.15,370,170
0.5,0.34,0.16,335,168
0.5,0.34,0.16,300,167
0.5,0.34,0.16,264,169
0.48,0.31,0.17,229,173
0.42,0.29,0.13,190,201
0.36,0.27,0.09,150,240
0.33,0.26,0.07,118,276
0.3,0.26,0.04,85,317
0.3,0.26,0.04,51,362
0.45,0.37,0.08,587,220
0.45,0.36,0.09,549,204
0.46,0.36,0.1,511,191
0.48,0.35,0.13,475,180
0.49,0.35,0.14,445,172
0.5,0.35,0.15,409,165
0.52,0.35,0.17,373,161
0.55,0.35,0.2,337,158
0.53,0.35,0.18,301,157
0.5,0.36,0.14,266,159
0.49,0.35,0.14,222,163
0.46,0.32,0.14,186,172
0.41,0.26,0.15,159,207
0.35,0.24,0.11,152,249
0.28,0.2,0.08,143,295
0.24,0.18,0.06,133,346
0.22,0.16,0.06,122,403
0.85,0.56,0.29,512,36
0.77,0.55,0.22,557,65
0.71,0.52,0.19,604,98
0.68,0.53,0.15,591,90
0.68,0.53,0.15,557,87
0.69,0.52,0.17,516,77
0.7,0.52,0.18,477,68
0.73,0.52,0.21,435,61
0.75,0.52,0.23,394,56
0.76,0.52,0.24,353,52
0.77,0.52,0.25,312,51
0.77,0.52,0.25,270,52
0.76,0.53,0.23,221,56
0.75,0.54,0.21,179,62
0.72,0.54,0.18,137,69
0.71,0.55,0.16,103,77
0.69,0.56,0.13,60,89
0.69,0.54,0.15,36,96
0.71,0.53,0.18,89,80
0.73,0.53,0.2,132,70
0.73,0.52,0.21,174,62
0.76,0.52,0.24,216,56
0.76,0.52,0.24,257,53
0.77,0.52,0.25,295,51
0.77,0.52,0.25,339,50
0.76,0.52,0.24,376,52
0.75,0.53,0.22,413,55
0.73,0.53,0.2,457,60
0.71,0.54,0.17,494,67
0.69,0.54,0.15,547,80
0.66,0.48,0.18,574,94
0.63,0.44,0.19,537,106
0.59,0.4,0.19,502,118
0.54,0.36,0.18,461,135
0.52,0.32,0.2,428,153
0.48,0.28,0.2,394,174
0.43,0.25,0.18,361,199
0.38,0.21,0.17,329,226
0.33,0.18,0.15,297,258
0.28,0.16,0.12,271,287
0.24,0.13,0.11,240,328
0.22,0.13,0.09,209,375
0.24,0.13,0.11,178,429
0.84,0.55,0.29,144,33
0.76,0.51,0.25,137,58
0.68,0.45,0.23,130,86
0.62,0.42,0.2,121,117
0.54,0.39,0.15,114,143
0.48,0.35,0.13,107,171
0.43,0.33,0.1,99,202
0.36,0.29,0.07,85,251
0.3,0.26,0.04,70,308
0.28,0.23,0.05,59,350
0.26,0.23,0.03,44,407
0.7,0.53,0.17,33,86
0.65,0.48,0.17,70,97
0.62,0.44,0.18,100,108
0.58,0.41,0.17,136,125
0.53,0.36,0.17,171,144
0.49,0.3,0.19,199,163
0.43,0.26,0.17,233,190
0.39,0.23,0.16,261,215
0.33,0.18,0.15,288,243
0.28,0.16,0.12,315,275
0.24,0.12,0.12,341,311
0.19,0.1,0.09,366,352
0.19,0.08,0.11,392,399
0.36,0.27,0.09,592,288
0.33,0.25,0.08,568,306
0.28,0.21,0.07,545,327
0.26,0.17,0.09,523,351
0.22,0.14,0.08,502,378
0.19,0.11,0.08,483,409
0.24,0.09,0.15,463,450
0.86,0.66,0.2,46,25
0.88,0.66,0.22,88,14
0.86,0.58,0.28,178,14
0.79,0.56,0.23,128,40
0.72,0.54,0.18,78,70
0.65,0.52,0.13,25,106
0.48,0.35,0.13,600,212
0.43,0.32,0.11,571,225
0.41,0.29,0.12,544,241
0.36,0.25,0.11,517,260
0.31,0.2,0.11,491,281
0.26,0.17,0.09,466,306
0.22,0.12,0.1,437,340
0.19,0.1,0.09,414,373
0.17,0.05,0.12,397,403
0.86,0.58,0.28,150,23
0.8,0.56,0.24,100,51
0.71,0.54,0.17,48,84
0.26,0.19,0.07,58,440
0.24,0.18,0.06,90,419
0.22,0.17,0.05,117,403
0.19,0.16,0.03,144,390
0.19,0.15,0.04,171,379
0.17,0.14,0.03,198,371
0.17,0.13,0.04,229,362
0.17,0.12,0.05,255,358
0.17,0.09,0.08,279,355
0.14,0.0,0.14,294,402
0.55,0.43,0.12,28,151
0.52,0.4,0.12,55,163
0.48,0.37,0.11,82,177
0.43,0.32,0.11,108,193
0.39,0.29,0.1,133,211
0.36,0.26,0.1,158,232
0.31,0.22,0.09,182,255
0.28,0.18,0.1,205,282
0.24,0.15,0.09,228,312
0.19,0.09,0.1,249,345
0.17,0.07,0.1,270,383
0.35,0.28,0.07,24,293
0.31,0.26,0.05,46,311
0.28,0.23,0.05,67,333
0.26,0.2,0.06,84,357
0.24,0.17,0.07,104,390
0.22,0.14,0.08,121,428
0.81,0.59,0.22,538,32
0.75,0.56,0.19,585,62
0.49,0.42,0.07,25,185
0.52,0.42,0.1,63,171
0.53,0.41,0.12,99,158
0.53,0.41,0.12,127,149
0.54,0.4,0.14,164,140
0.57,0.4,0.17,203,133
0.58,0.39,0.19,240,128
0.59,0.39,0.2,278,125
0.6,0.39,0.21,315,124
0.59,0.39,0.2,353,126
0.58,0.4,0.18,391,130
0.55,0.4,0.15,426,134
0.54,0.41,0.13,460,140
0.53,0.41,0.12,497,149
0.52,0.42,0.1,536,161
0.52,0.43,0.09,568,172
0.49,0.44,0.05,608,189
0.5,0.42,0.08,583,174
0.52,0.41,0.11,543,159
0.53,0.41,0.12,504,147
0.54,0.42,0.12,493,144
0.53,0.43,0.1,532,155
0.5,0.44,0.06,580,173
0.46,0.37,0.09,24,209
0.41,0.33,0.08,53,227
0.38,0.3,0.08,72,241
0.35,0.27,0.08,94,260
0.3,0.24,0.06,116,281
0.26,0.19,0.07,138,305
0.22,0.16,0.06,136,362
0.22,0.15,0.07,125,421
0.53,0.46,0.07,29,161
0.54,0.45,0.09,69,146
0.55,0.44,0.11,102,136
0.57,0.44,0.13,133,128
0.59,0.43,0.16,181,118
0.62,0.43,0.19,220,112
0.63,0.42,0.21,266,107
0.64,0.42,0.22,305,106
0.65,0.43,0.22,350,108
0.64,0.43,0.21,396,112
0.62,0.43,0.19,443,119
0.59,0.44,0.15,482,127
0.58,0.45,0.13,522,138
0.57,0.46,0.11,562,151
0.55,0.47,0.08,603,167
0.87,0.53,0.34,194,23
0.79,0.49,0.3,190,48
0.71,0.45,0.26,184,75
0.65,0.41,0.24,180,98
0.57,0.37,0.2,174,130
0.5,0.32,0.18,169,157
0.42,0.29,0.13,162,194
0.35,0.25,0.1,154,234
0.28,0.22,0.06,145,279
0.24,0.18,0.06,136,328
0.22,0.17,0.05,125,384
0.24,0.16,0.08,113,446
0.83,0.59,0.24,84,36
0.76,0.58,0.18,31,69
0.81,0.61,0.2,34,41
0.79,0.57,0.22,70,48
0.76,0.53,0.23,97,56
0.72,0.49,0.23,129,66
0.69,0.45,0.24,161,79
0.65,0.42,0.23,193,94
0.6,0.39,0.21,225,111
0.57,0.35,0.22,256,131
0.53,0.31,0.22,286,154
0.49,0.26,0.23,323,185
0.42,0.24,0.18,354,215
0.33,0.2,0.13,390,256
0.28,0.18,0.1,421,295
0.24,0.16,0.08,457,350
0.24,0.16,0.08,487,402
0.45,0.37,0.08,58,220
0.46,0.35,0.11,117,198
0.48,0.34,0.14,176,183
0.5,0.33,0.17,240,172
0.5,0.33,0.17,304,169
0.48,0.34,0.14,367,171
0.45,0.34,0.11,424,180
0.42,0.35,0.07,482,194
0.41,0.37,0.04,548,217
0.39,0.38,0.01,615,249
0.45,0.36,0.09,62,221
0.46,0.35,0.11,114,202
0.46,0.34,0.12,158,190
0.49,0.33,0.16,215,178
0.5,0.33,0.17,272,172
0.49,0.33,0.16,335,172
0.46,0.34,0.12,392,177
0.42,0.34,0.08,456,189
0.41,0.36,0.05,513,207
0.39,0.37,0.02,580,233
0.41,0.36,0.05,601,238
0.41,0.35,0.06,541,212
0.43,0.34,0.09,483,192
0.45,0.34,0.11,432,179
0.48,0.34,0.14,375,170
0.53,0.34,0.19,311,166
0.52,0.34,0.18,248,169
0.49,0.36,0.13,195,178
0.48,0.37,0.11,137,192
0.45,0.38,0.07,71,214
0.35,0.28,0.07,48,286
0.28,0.23,0.05,80,320
0.24,0.18,0.06,108,360
0.22,0.13,0.09,137,415
0.5,0.42,0.08,64,171
0.53,0.41,0.12,118,153
0.54,0.41,0.13,152,144
0.55,0.4,0.15,193,134
0.59,0.4,0.19,247,126
0.63,0.4,0.23,300,121
0.64,0.4,0.24,362,122
0.62,0.41,0.21,415,128
0.58,0.41,0.17,476,141
0.55,0.42,0.13,523,154
0.53,0.43,0.1,579,173
0.55,0.45,0.1,588,150
0.49,0.41,0.08,614,188
0.33,0.26,0.07,593,311
0.28,0.21,0.07,552,348
0.22,0.15,0.07,516,394
0.22,0.1,0.12,485,452
0.88,0.64,0.24,572,25
0.83,0.55,0.28,105,39
0.68,0.48,0.2,89,88
0.57,0.48,0.09,73,133
0.3,0.23,0.07,585,344
0.24,0.19,0.05,549,386
0.22,0.14,0.08,523,425
0.31,0.25,0.06,596,334
0.26,0.19,0.07,558,373
0.22,0.15,0.07,522,428
0.77,0.6,0.17,44,59
0.8,0.59,0.21,126,39
0.85,0.58,0.27,204,26
0.86,0.58,0.28,273,21
0.87,0.59,0.28,285,20
0.85,0.59,0.26,208,26
0.81,0.6,0.21,144,36
0.78,0.61,0.17,73,53
0.87,0.52,0.35,268,28
0.78,0.46,0.32,325,57
0.7,0.41,0.29,376,88
0.58,0.37,0.21,435,131
0.46,0.35,0.11,488,177
0.41,0.36,0.05,551,220
0.41,0.38,0.03,611,248
0.55,0.46,0.09,572,143
0.58,0.45,0.13,514,124
0.6,0.45,0.15,458,111
0.63,0.44,0.19,411,102
0.66,0.44,0.22,349,96
0.68,0.45,0.23,294,96
0.68,0.46,0.22,224,101
0.64,0.46,0.18,153,112
0.62,0.48,0.14,88,128
0.86,0.64,0.22,26,27
0.81,0.57,0.24,77,36
0.73,0.51,0.22,91,68
0.59,0.44,0.15,74,121
0.49,0.39,0.1,56,176
0.39,0.34,0.05,35,240
0.81,0.51,0.3,297,36
0.71,0.45,0.26,219,77
0.59,0.4,0.19,140,130
0.48,0.38,0.1,56,201
0.33,0.27,0.06,45,338
0.31,0.25,0.06,96,311
0.31,0.24,0.07,147,291
0.3,0.23,0.07,197,277
0.3,0.22,0.08,246,268
0.3,0.22,0.08,295,264
0.3,0.22,0.08,332,262
0.28,0.23,0.05,370,264
0.28,0.24,0.04,420,271
0.26,0.25,0.01,476,288
0.28,0.27,0.01,539,315
0.28,0.28,0.0,591,344
0.77,0.58,0.19,84,56
0.79,0.57,0.22,163,39
0.84,0.57,0.27,232,30
0.86,0.57,0.29,307,27
0.85,0.57,0.28,384,30
0.83,0.57,0.26,460,40
0.79,0.58,0.21,530,54
0.77,0.6,0.17,603,76
0.5,0.41,0.09,34,193
0.52,0.4,0.12,97,170
0.54,0.39,0.15,165,152
0.57,0.38,0.19,225,142
0.59,0.38,0.21,278,137
0.57,0.38,0.19,336,137
0.54,0.38,0.16,396,142
0.5,0.39,0.11,463,155
0.48,0.4,0.08,524,172
0.46,0.42,0.04,578,192
0.64,0.48,0.16,567,121
0.66,0.48,0.18,501,101
0.7,0.47,0.23,443,89
0.72,0.47,0.25,387,82
0.72,0.47,0.25,324,78
0.7,0.48,0.22,260,79
0.69,0.48,0.21,196,86
0.64,0.49,0.15,139,96
0.63,0.5,0.13,98,107
0.6,0.52,0.08,30,128
0.55,0.39,0.16,592,169
0.48,0.34,0.14,536,192
0.41,0.26,0.15,489,220
0.3,0.2,0.1,432,265
0.22,0.14,0.08,390,311
0.17,0.07,0.1,349,368
0.81,0.63,0.18,578,39
0.86,0.62,0.24,496,19
0.87,0.64,0.23,114,22
0.85,0.65,0.2,40,40
0.39,0.32,0.07,50,238
0.35,0.29,0.06,82,263
0.31,0.29,0.02,33,336
0.39,0.32,0.07,70,255
0.41,0.31,0.1,120,236
0.41,0.31,0.1,158,224
0.41,0.33,0.08,115,238
0.39,0.34,0.05,59,260
0.39,0.31,0.08,73,262
0.39,0.3,0.09,135,239
0.39,0.28,0.11,196,223
0.39,0.28,0.11,256,214
0.39,0.29,0.1,226,218
0.39,0.31,0.08,172,229
0.38,0.32,0.06,110,248
0.39,0.34,0.05,55,271
0.38,0.31,0.07,34,288
0.38,0.3,0.08,83,265
0.38,0.29,0.09,138,244
0.38,0.28,0.1,185,231
0.38,0.27,0.11,245,221
0.42,0.27,0.15,298,217
0.36,0.27,0.09,350,219
0.35,0.28,0.07,410,227
0.33,0.29,0.04,464,240
0.33,0.3,0.03,517,259
0.33,0.32,0.01,579,288
0.57,0.44,0.13,570,154
0.59,0.43,0.16,513,135
0.62,0.43,0.19,450,120
0.66,0.42,0.24,388,110
0.68,0.43,0.25,334,106
0.65,0.43,0.22,265,107
0.63,0.43,0.2,204,114
0.59,0.44,0.15,157,125
0.57,0.45,0.12,101,141
0.55,0.47,0.08,36,162
0.69,0.55,0.14,603,95
0.71,0.53,0.18,532,73
0.69,0.49,0.2,511,80
0.57,0.46,0.11,591,141
0.88,0.63,0.25,544,24
0.86,0.66,0.2,63,28
0.57,0.42,0.15,607,164
0.52,0.36,0.16,557,182
0.43,0.3,0.13,509,207
0.35,0.22,0.13,456,243
0.26,0.18,0.08,413,284
0.19,0.12,0.07,376,328
0.14,0.05,0.09,336,388
0.6,0.44,0.16,589,134
0.53,0.39,0.14,536,152
0.49,0.32,0.17,485,176
0.42,0.25,0.17,429,212
0.35,0.2,0.15,381,252
0.26,0.15,0.11,341,296
0.19,0.09,0.1,297,357
0.17,0.06,0.11,259,422
0.3,0.26,0.04,610,365
0.28,0.25,0.03,560,334
0.28,0.23,0.05,516,311
0.26,0.22,0.04,466,291
0.26,0.22,0.04,410,275
0.26,0.22,0.04,354,266
0.28,0.22,0.06,305,263
0.28,0.23,0.05,262,265
0.28,0.24,0.04,207,274
0.28,0.25,0.03,163,285
0.3,0.27,0.03,112,303
0.31,0.27,0.04,61,328
0.31,0.25,0.06,84,316
0.28,0.24,0.04,135,295
0.28,0.23,0.05,191,278
0.28,0.22,0.06,247,267
0.28,0.22,0.06,303,263
0.28,0.22,0.06,358,266
0.26,0.23,0.03,408,274
0.26,0.24,0.02,463,290
0.28,0.25,0.03,513,310
0.28,0.27,0.01,570,339
0.72,0.55,0.17,26,74
0.68,0.48,0.2,77,88
0.59,0.41,0.18,104,117
0.48,0.38,0.1,85,179
0.68,0.52,0.16,583,102
0.71,0.51,0.2,513,83
0.75,0.51,0.24,443,69
0.76,0.5,0.26,377,62
0.76,0.51,0.25,306,59
0.73,0.51,0.22,241,62
0.7,0.52,0.18,175,70
0.68,0.53,0.15,99,87
0.64,0.55,0.09,42,104
0.88,0.61,0.27,597,29
0.78,0.54,0.24,617,77
0.73,0.51,0.22,619,96
0.66,0.45,0.21,554,110
0.6,0.39,0.21,499,128
0.55,0.35,0.2,452,151
0.49,0.29,0.2,406,179
0.41,0.23,0.18,355,218
0.28,0.17,0.11,304,268
0.17,0.13,0.04,249,338
0.17,0.11,0.06,207,406
0.85,0.55,0.3,241,21
0.73,0.5,0.23,167,60
0.6,0.46,0.14,81,117
0.3,0.25,0.05,28,358
0.28,0.2,0.08,56,402
0.86,0.59,0.27,552,22
0.79,0.52,0.27,473,39
0.72,0.45,0.27,395,66
0.65,0.39,0.26,326,100
0.54,0.33,0.21,249,151
0.42,0.28,0.14,178,212
0.35,0.26,0.09,122,271
0.31,0.26,0.05,55,356
0.62,0.48,0.14,53,135
0.64,0.46,0.18,114,116
0.66,0.47,0.19,160,105
0.64,0.48,0.16,118,115
0.62,0.5,0.12,43,138
0.73,0.55,0.18,608,78
0.68,0.47,0.21,550,90
0.63,0.42,0.21,493,108
0.55,0.36,0.19,437,133
0.48,0.32,0.16,435,165
0.38,0.3,0.08,485,215
0.31,0.27,0.04,546,284
0.28,0.27,0.01,608,372
0.3,0.22,0.08,594,374
0.26,0.18,0.08,558,424
0.53,0.41,0.12,61,177
0.54,0.4,0.14,123,157
0.57,0.39,0.18,177,144
0.6,0.39,0.21,237,135
0.62,0.39,0.23,296,131
0.58,0.39,0.19,349,132
0.55,0.39,0.16,401,137
0.52,0.4,0.12,453,147
0.49,0.41,0.08,514,163
0.48,0.42,0.06,569,182
0.3,0.27,0.03,592,328
0.28,0.26,0.02,539,299
0.3,0.25,0.05,480,274
0.3,0.24,0.06,429,259
0.31,0.24,0.07,372,248
0.33,0.24,0.09,315,244
0.33,0.25,0.08,264,245
0.35,0.26,0.09,207,253
0.33,0.28,0.05,148,269
0.35,0.3,0.05,90,291
0.35,0.32,0.03,29,322
0.46,0.36,0.1,43,209
0.42,0.3,0.12,77,232
0.36,0.24,0.12,118,268
0.3,0.17,0.13,156,312
0.22,0.11,0.11,195,373
0.89,0.67,0.22,52,19
0.87,0.68,0.19,587,22
0.36,0.31,0.05,609,303
0.64,0.47,0.17,86,121
0.66,0.46,0.2,159,103
0.7,0.46,0.24,231,92
0.71,0.45,0.26,294,88
0.69,0.46,0.23,365,90
0.64,0.46,0.18,436,99
0.6,0.47,0.13,508,115
0.57,0.48,0.09,574,135
0.57,0.48,0.09,616,149
0.59,0.44,0.15,532,119
0.52,0.41,0.11,564,161
0.38,0.31,0.07,54,280
0.38,0.29,0.09,109,256
0.38,0.28,0.1,164,238
0.39,0.27,0.12,210,228
0.39,0.27,0.12,270,220
0.42,0.27,0.15,316,219
0.36,0.27,0.09,375,223
0.35,0.28,0.07,428,233
0.33,0.29,0.04,468,244
0.33,0.3,0.03,509,258
0.33,0.31,0.02,556,279
0.33,0.33,0.0,619,314
0.3,0.24,0.06,23,374
0.28,0.21,0.07,44,410
0.46,0.36,0.1,598,202
0.41,0.3,0.11,546,227
0.36,0.24,0.12,502,257
0.3,0.19,0.11,460,294
0.24,0.11,0.13,425,334
0.22,0.07,0.15,389,389
0.86,0.54,0.32,181,25
0.78,0.49,0.29,243,50
0.73,0.43,0.3,291,75
0.65,0.39,0.26,339,105
0.57,0.33,0.24,395,147
0.46,0.29,0.17,444,192
0.36,0.27,0.09,501,254
0.31,0.25,0.06,561,331
0.45,0.36,0.09,45,204
0.38,0.29,0.09,92,233
0.31,0.24,0.07,129,266
0.26,0.19,0.07,159,300
0.19,0.13,0.06,191,347
0.17,0.05,0.12,225,410
0.28,0.22,0.06,583,391
0.26,0.21,0.05,541,365
0.24,0.19,0.05,494,340
0.24,0.19,0.05,447,322
0.22,0.18,0.04,400,309
0.22,0.18,0.04,348,300
0.22,0.19,0.03,296,298
0.22,0.2,0.02,244,303
0.22,0.21,0.01,191,314
0.24,0.23,0.01,138,332
0.26,0.25,0.01,90,353
0.28,0.28,0.0,35,385
0.5,0.4,0.1,86,175
0.53,0.39,0.14,155,156
0.55,0.38,0.17,222,144
0.59,0.38,0.21,281,138
0.59,0.38,0.21,326,138
0.57,0.38,0.19,384,142
0.53,0.39,0.14,445,151
0.52,0.4,0.12,493,161
0.49,0.41,0.08,560,184
0.48,0.43,0.05,616,205
0.26,0.21,0.05,585,434
0.24,0.18,0.06,537,401
0.22,0.17,0.05,493,377
0.19,0.16,0.03,449,357
0.17,0.15,0.02,399,342
0.17,0.15,0.02,355,334
0.17,0.15,0.02,317,331
0.17,0.16,0.01,278,331
0.19,0.17,0.02,240,336
0.19,0.18,0.01,207,343
0.22,0.19,0.03,173,353
0.24,0.21,0.03,134,368
0.26,0.23,0.03,89,391
0.28,0.25,0.03,49,416
0.39,0.32,0.07,29,254
0.33,0.28,0.05,63,283
0.3,0.22,0.08,91,313
0.24,0.19,0.05,124,360
0.26,0.21,0.05,117,384
0.26,0.23,0.03,77,409
0.52,0.39,0.13,57,176
0.46,0.33,0.13,98,201
0.39,0.27,0.12,137,231
0.35,0.22,0.13,172,263
0.28,0.16,0.12,210,307
0.22,0.09,0.13,243,361
0.19,0.02,0.17,270,416
0.31,0.25,0.06,610,345
0.26,0.21,0.05,578,379
0.24,0.16,0.08,548,420
0.24,0.17,0.07,544,434
0.19,0.16,0.03,508,411
0.19,0.14,0.05,466,389
0.14,0.13,0.01,424,372
0.17,0.13,0.04,382,361
0.14,0.13,0.01,334,354
0.17,0.14,0.03,287,353
0.17,0.15,0.02,239,359
0.19,0.17,0.02,191,370
0.22,0.19,0.03,149,387
0.26,0.21,0.05,100,411
0.3,0.23,0.07,52,443
0.87,0.61,0.26,75,25
0.81,0.55,0.26,124,38
0.77,0.5,0.27,170,54
0.71,0.44,0.27,223,78
0.64,0.4,0.24,275,108
0.59,0.33,0.26,321,140
0.48,0.29,0.19,373,183
0.36,0.24,0.12,418,230
0.28,0.22,0.06,465,286
0.26,0.2,0.06,511,354
0.57,0.43,0.14,609,150
0.5,0.37,0.13,551,169
0.43,0.29,0.14,496,197
0.36,0.23,0.13,442,234
0.3,0.16,0.14,391,281
0.3,0.09,0.21,343,342
0.19,0.03,0.16,303,409
0.72,0.54,0.18,17,85
0.63,0.5,0.13,34,111
0.7,0.54,0.16,77,80
0.72,0.54,0.18,131,66
0.75,0.53,0.22,183,56
0.77,0.53,0.24,227,49
0.8,0.53,0.27,294,44
0.81,0.54,0.27,360,44
0.79,0.54,0.25,430,50
0.76,0.55,0.21,498,61
0.73,0.57,0.16,566,78
0.71,0.54,0.17,598,96
0.75,0.53,0.22,527,74
0.78,0.53,0.25,459,59
0.8,0.53,0.27,392,50
0.8,0.53,0.27,318,46
0.79,0.54,0.25,252,48
0.76,0.54,0.22,176,56
0.72,0.56,0.16,100,72
0.69,0.57,0.12,29,92
0.59,0.46,0.13,34,129
0.53,0.38,0.15,85,150
0.46,0.32,0.14,134,178
0.38,0.26,0.12,181,214
0.3,0.2,0.1,226,259
0.24,0.12,0.12,264,308
0.19,0.09,0.1,301,367
0.84,0.49,0.35,403,41
0.7,0.4,0.3,409,91
0.54,0.32,0.22,416,148
0.41,0.25,0.16,423,199
0.3,0.19,0.11,430,258
0.19,0.13,0.06,440,336
0.17,0.1,0.07,452,429
0.9,0.68,0.22,598,17
0.87,0.56,0.31,434,14
0.79,0.49,0.3,361,39
0.73,0.43,0.3,288,75
0.63,0.39,0.24,222,115
0.52,0.35,0.17,154,166
0.41,0.32,0.09,66,250
0.9,0.61,0.29,105,20
0.85,0.54,0.31,160,37
0.78,0.47,0.31,221,61
0.7,0.41,0.29,281,93
0.62,0.35,0.27,334,129
0.45,0.29,0.16,394,179
0.33,0.26,0.07,456,243
0.3,0.25,0.05,450,258
0.31,0.25,0.06,398,246
0.31,0.24,0.07,348,240
0.31,0.25,0.06,308,239
0.31,0.25,0.06,263,241
0.31,0.26,0.05,205,250
0.33,0.28,0.05,160,261
0.33,0.29,0.04,108,279
0.33,0.31,0.02,68,296
0.33,0.32,0.01,20,320
0.83,0.61,0.22,561,31
0.79,0.54,0.25,514,40
0.73,0.49,0.24,444,61
0.68,0.43,0.25,391,82
0.63,0.38,0.25,339,110
0.55,0.33,0.22,286,144
0.46,0.29,0.17,233,185
0.38,0.27,0.11,187,228
0.31,0.24,0.07,132,289
0.3,0.24,0.06,60,387
0.81,0.58,0.23,618,62
0.76,0.53,0.23,564,70
0.71,0.48,0.23,513,83
0.68,0.42,0.26,462,101
0.6,0.34,0.26,399,132
0.49,0.28,0.21,336,173
0.35,0.22,0.13,274,226
0.24,0.18,0.06,212,294
0.19,0.17,0.02,150,382
0.58,0.43,0.15,44,146
0.52,0.37,0.15,88,167
0.45,0.31,0.14,130,193
0.38,0.27,0.11,166,222
0.3,0.21,0.09,205,260
0.22,0.15,0.07,237,301
0.17,0.09,0.08,273,356
0.14,0.02,0.12,302,414
0.26,0.16,0.1,520,429
0.24,0.14,0.1,473,402
0.22,0.13,0.09,421,381
0.22,0.12,0.1,380,370
0.19,0.12,0.07,344,364
0.19,0.12,0.07,302,362
0.19,0.13,0.06,260,365
0.19,0.14,0.05,224,371
0.19,0.16,0.03,187,381
0.22,0.18,0.04,150,395
0.22,0.2,0.02,108,417
0.26,0.21,0.05,72,440
0.53,0.42,0.11,32,184
0.54,0.41,0.13,95,162
0.55,0.4,0.15,150,146
0.58,0.4,0.18,195,137
0.6,0.39,0.21,248,131
0.63,0.39,0.24,300,128
0.59,0.39,0.2,360,130
0.57,0.4,0.17,405,135
0.53,0.4,0.13,465,146
0.52,0.41,0.11,527,163
0.49,0.43,0.06,590,187
0.64,0.47,0.17,565,106
0.57,0.4,0.17,503,126
0.5,0.34,0.16,443,155
0.42,0.26,0.16,391,189
0.33,0.2,0.13,333,237
0.26,0.15,0.11,283,291
0.19,0.12,0.07,228,369
0.6,0.46,0.14,598,127
0.54,0.4,0.14,544,143
0.48,0.33,0.15,486,169
0.41,0.28,0.13,442,196
0.33,0.22,0.11,394,233
0.26,0.18,0.08,352,274
0.22,0.13,0.09,318,315
0.17,0.09,0.08,279,373
