YAW,real_orientation
-144.0951583446856,-148.67908552959574
-143.98098213147028,-148.67939257874212
-144.38149534529336,-148.67965903299185
-144.202837375797,-148.67928012399
-142.97938739692282,-148.67767193481268
-142.45627439109205,-148.68050213437922
-142.0545951328114,-148.67938841174657
-152.00229061185132,-148.68178793652294
-152.04931970569788,-148.68242728394395
-152.9457347293811,-148.690783418559
-152.4632241792949,-148.68983960865498
-152.81977919603395,-148.6880491440993
-152.96924786548286,-148.68706126644676
-153.59016548019403,-148.6811737586754
-99.7153382336035,-92.58594737505308
-97.08468894339934,-85.89969098604864
-94.84863773968169,-80.6992940530343
-94.03091082327064,-75.49894033615838
-56.511407178658054,-62.86924886818991
-53.75027769018406,-57.668732793133344
-49.88606859344705,-53.21124044304919
-46.61344163045522,-46.52510904954534
-41.98147734652735,-41.279665206971316
-37.98710993881301,-35.33802325834561
-33.86865554325121,-30.13771678397215
-28.1574381310396,-24.9374819625635
-23.65712049395491,-19.736994967484957
-18.810681353824773,-14.536755355412863
6.346724202753168,14.440932993132163
12.178593651010974,20.38437057799723
40.470905897956925,45.35327143024388
46.01821913584674,52.104127020616126
50.49633679195555,58.01124635484162
55.11187940623397,64.76219043979111
59.12396743148495,71.51328391879474
63.15304095984649,77.42026784049494
102.15292456082938,96.79846492420852
104.75575117014401,104.23436904058761
108.53064188701151,109.67792295498963
111.9849875658393,115.10160923802856
116.0418875638472,122.21521275157309
119.48330322905431,126.95732355085136
124.63435519067609,133.20096321719728
128.10544484312422,138.62430627386092
131.15895359222384,144.15527780447454
137.1680752145657,148.91293371817838
141.68814979733258,154.11299859012706
-180.0,-176.71607874193415
-174.1821875184828,-170.22469607227697
-167.40089103481975,-164.3176033530838
-160.90684817568896,-158.41042810212994
-154.66354162762013,-153.34730718756506
-149.55185420266585,-146.59648180430926
-143.65569032341762,-139.00143236513685
-137.8167111385504,-133.09438137105244
-132.84448003241505,-125.49954323771433
-127.95764738120232,-121.31950821301187
-124.51364320415023,-123.79485497458754
-126.97476859724233,-129.7037614098453
-131.9613200260511,-135.6117918643848
-170.5018931925163,-174.43516343560654
-176.19875177421835,177.9685888623833
178.66065256912714,172.90474981455966
171.92633589421072,164.46486210468962
166.73956469503884,160.24448703389046
161.15760273075279,153.49275812821287
157.21592039175397,148.42912653767775
136.21749882900212,140.8326056635334
131.34543278529952,135.76856881484144
125.79562864405439,128.17262823828386
121.20943360898998,121.42072628612618
116.12154152668778,114.66867016914081
112.46576314276396,108.76088436980254
108.06078375112668,102.85294607346111
104.93999341841365,96.10064814869023
100.85159768975808,91.03652528204375
97.85285422084074,83.44108411082429
95.50965578843362,78.37692105477493
46.33392352341297,44.498662505262516
50.423828550426684,48.213282024430264
55.276893002690535,54.156496371272034
60.07025481098223,60.842702582178894
65.10236901365705,65.3002462347717
69.18826271362634,71.24354726120978
72.33698293057456,77.92957483607282
75.3830722703943,81.64405405292135
78.96291791245459,86.11693761163795
142.9254514815865,151.87454861415017
148.30863337216965,157.07504616090586
-150.19699715192735,-143.5183949086496
-146.77725455681642,-136.77074823867537
-141.13783337426352,-131.24490668406904
-80.7992891190274,-88.90432213735546
-79.03581503547976,-82.9973693396886
-68.32924572461123,-63.16503547080065
-64.13604647379488,-57.221765965241964
-61.28720055032893,-51.27826098771767
-57.368734002267644,-46.077905751390546
-53.879124045753315,-41.36575614876596
-15.877243558789642,-10.196876564961023
-10.467488326224235,-4.9960665799782635
-3.954164132680619,0.94703199197327
16.871503369364518,18.77692698328646
23.318607989090186,24.720270576536862
29.261254461866393,30.663537586385505
35.32234081512839,37.349614217657525
40.81645537832701,42.549979354470125
45.369350580329375,47.75041399570005
50.83753724169273,53.69394274480401
-65.79642359684533,-61.406519480284274
-69.98000015469881,-68.54215539073854
-74.11580055042198,-74.88494997893861
-77.68753893402221,-78.84927978927661
-80.34949680834298,-86.77211816034561
-84.05645535166894,-91.26186628963093
-86.31715021462695,-96.57240284116764
-88.57089744380625,-102.36334364469661
-92.48030239494683,-109.11493935212408
-95.76181437986595,-115.86685868890123
-134.31175623653468,-130.673941816509
-130.8083684566223,-124.7306992507302
-127.49834890904862,-118.78114172053708
-123.30389220796128,-112.70599429903373
-119.1873639290931,-106.76295926785339
-61.17512569949136,-58.473680861184285
-58.170909877087446,-53.273391216528076
-54.428989948292205,-46.58711913784662
-50.141377668661676,-41.3442797298863
-45.21200373704807,-34.360660525295124
-4.1997191153780244,2.108957947690817
11.67371927017926,13.995443181464486
17.683339600782922,20.68171259723624
22.979312081991328,26.624946206908596
28.575178174378813,31.082477510575515
34.322416676890874,36.28286280126913
38.325850091631125,42.24607474875246
43.63252036358588,48.871879011285806
47.60312058040346,54.88018813762163
52.34322024798111,60.78021634270133
56.870631514807855,66.68739036045197
60.769383581623465,74.28228696004177
65.53403549764148,80.18925208989903
72.14559206680708,86.94021051308141
128.53296359074713,127.44594920391279
133.60714461368994,134.19714012381354
138.70878834434978,140.26805216025605
142.10622030697567,147.56238924080245
147.3938707387891,152.6257419887637
153.3561324983227,159.376596360166
159.55427492317295,166.971639809979
166.75144097792557,172.87878583486088
173.7391321613356,-179.5263226563185
-180.0,-173.6191688413342
-154.70540949301653,-153.36645166743972
-148.46464327031762,-147.4592308852429
-141.57076084785783,-139.86442992100075
-136.78605292435145,-133.113374453787
-130.90685826666498,-128.05033090696986
-126.61933288835235,-121.29919630108374
-122.6444652915962,-112.86051849873996
-117.81351685440264,-107.256336776818
-114.56747622376605,-106.24218335233712
-115.15529701816274,-106.2425974693822
-108.05916635299532,-106.24679855670945
-107.83362142944883,-106.24982145986604
-108.34571016503136,-106.2532477324193
-107.58804801529115,-106.25672620475649
-108.73158251205855,-106.26063431685544
-108.47332426758119,-106.2632292599555
-108.34490483655294,-106.26733584186262
-99.99084708740357,-106.2686840318045
-100.44713135319893,-106.26704747750459
-99.05104742291519,-106.26749094332851
-98.28346455425294,-106.26799308057612
-97.8166532197969,-106.26852246508612
-97.413134281597,-106.26885962872002
-96.81388255650994,-106.26930925292561
-95.61632667874314,-106.26950526792206
-167.45978368145984,-169.47255071897058
-180.0,-175.3801574694424
-180.0,177.02500741824184
175.16554625967893,169.42919207814236
168.43375760995013,162.6775388169532
162.52239753534766,156.76971625150696
156.22470022517,149.17397837586256
151.12271372652458,143.26621525249644
146.94856071110013,137.3582035905609
141.85927548914884,130.0619615594345
62.63839115407931,64.98301661960511
56.74232555156532,58.90854307820184
51.8651741960543,52.1789820054203
46.67958837378066,44.583014617702034
42.05049055135314,39.90318995889107
37.169002058721915,34.04756895404908
31.995386472422386,26.512827214539506
25.826348373910765,20.604934398564694
20.19762340230308,14.711540579031016
14.162174168852504,16.843751595358253
59.648091661610934,75.56354187726262
95.55053743360696,88.19314133147431
98.46775073131515,93.39339662241882
101.59152038726708,100.07955797843482
105.96285552742403,105.27989517486323
109.63818183892529,110.48024836009768
113.89772325098888,116.42351868362226
160.02432624116366,161.09068290744636
164.74087405903504,165.5480860695175
169.2709413678075,172.97716100088047
-180.0,178.17750167622717
-179.91810720582419,-176.62212180462745
-175.7369961404047,-172.16466227480348
-171.05920917383364,-165.81680921884526
-165.7220998710721,-159.09257307462917
-161.27985215135598,-153.45009872370989
-156.67630602220336,-148.38675315671296
-151.91742371769118,-141.63572953663038
-147.80463009311106,-135.7286176168741
-75.10365288712953,-74.45586322436866
-69.51361499085822,-68.50399773681883
-65.75952821517356,-61.81779990687902
-62.23315671536411,-56.61736299682354
-57.82002649153815,-50.67402454108524
-53.62371607417551,-44.680565623177934
-48.91094403810877,-37.25149948064071
-43.67653025575823,-32.7938969673976
-14.464478145964216,-8.277828261426082
-8.78397197022399,-3.8203616819845783
-1.8009237962101834,2.8659420375484617
2.4375012885018243,8.066317829473771
24.89081139877368,26.639253251275267
31.471646115251357,31.09660261994899
36.429220535616665,37.03991654281342
41.46636701506612,41.49747067698125
46.181460840925006,47.44083979500091
51.74586892355236,53.39422779210742
55.7900724368936,58.59847828566487
60.36403999989011,63.79889223801891
90.03817966037502,99.46187896179521
93.08454683991677,101.15596076180474
92.43197032635106,101.15569235242927
92.0161975495451,101.15531567614651
91.04816933639823,101.1547526237604
89.98559162107885,101.15426850332153
89.63264636897006,101.15392209640063
86.27456671778354,101.15213304319757
86.1418267383187,101.15144718040978
84.88785185639787,101.14990690465376
84.16421922997296,101.15036738356292
110.48337560635703,101.16209191781014
110.37916059714351,101.16365822585371
110.88242696094464,101.16126819726854
105.26212024464706,101.14047320105313
105.28908771030217,101.14317453784822
105.87268474706246,101.14936116695202
106.95681994313355,101.15216231371436
106.28415644719207,101.15198671361094
107.56764803990743,101.15413576023904
108.06286451823513,101.15428885125529
163.59896896124718,160.02658168462204
164.25743060926416,162.97943613155888
-180.0,168.17988696971202
-180.0,173.3802119794252
-180.0,179.32369663048047
-180.0,-175.47591654258306
-174.24055475460656,-173.77757418992303
-173.24081053374576,-173.7776537210336
-172.9160975279876,-173.77758324322755
-173.88114339003835,-173.76838756860076
-174.0096166580969,-173.76771572554895
-173.55097434175914,-173.76644700123094
-173.97840022035805,-173.763927125741
-173.62672078963573,-173.7634716386573
-173.4448198558061,-173.7681213904128
-173.42638216020467,-173.76744747400173
-97.21365739821663,-109.79065195360832
-95.21375747250629,-104.0347885419854
-92.16486702294813,-102.31466992727589
-90.08615006422052,-102.31463549611571
-90.46010844882188,-102.31611991041662
-90.07546549920083,-102.31564867062845
-89.91995814856197,-99.26375933407388
-86.98933725969516,-92.91030058728462
-84.30074389874737,-85.8925669431922
-81.16701205001957,-85.35986764198526
-81.0799822637057,-85.36009465238457
-80.38182114619953,-85.3606799636415
-79.9092692882073,-85.34323697340112
-84.01072539039124,-96.74610300514868
-83.20540896403004,-85.249967582055
-75.76398872942065,-83.35205309241246
-79.71352203755512,-82.68667869842886
-77.15548767179504,-75.93657916151942
-72.00967464874692,-74.6375023327587
-72.48585696951838,-80.54509345534882
-76.71534857423688,-86.14741673847308
-80.65830050219405,-81.34641673335057
-75.73252954033518,-75.43962072212838
-72.34326468295781,-78.66882993363467
-76.61462406909679,-85.42126985156969
-80.13378752212286,-85.08591095758047
-79.08891471117674,-79.1795436150297
-74.78249353829423,-77.29169715343036
-74.73440293756377,-82.87004163275424
-79.53006387621554,-81.86614787490687
-77.12019561793183,-75.95891638427844
-72.02829936804956,-72.09714903672929
-71.23739863577724,-78.26846264220823
-75.37272427512801,-84.17680220784008
-80.04880104585227,-90.92852063194725
-84.02712003365002,-97.34728646782777
-86.42293653497528,-92.09658520118398
-83.09571720967872,-86.18949338101895
-79.75100131373014,-78.59540557648081
-74.71044355351589,-73.53240984104615
-70.23695317467998,-67.0762578718587
-67.04537017270165,-72.8591117178239
-72.72842463731412,-79.61117490426271
-77.32174793780213,-86.36366132287174
-81.78008312891717,-88.39754043501478
-81.55938766077519,-81.64692885357589
-76.86800721675245,-75.73997080897854
-71.94558736735148,-67.30080236950755
-67.66848304608278,-65.25372807495154
-65.90685437893133,-72.71920705849686
-70.6892057003913,-77.7826911123763
-75.78831457850734,-84.53538649838578
-80.58545350274962,-90.95222752536667
-83.06140486965887,-86.5581201249393
-79.39610917409651,-78.96405129791331
-74.82998200046201,-73.05700845519928
-70.01262000010064,-66.30522010506273
-65.41326643808019,-67.50077771194016
-69.01015045300494,-75.09578621330257
-74.44956952168094,-81.00422061024952
-78.3488044760257,-87.75615367498314
-81.87744121765112,-87.25494453183445
-80.62735726688328,-81.34804924795375
-76.22396389514486,-75.44128396165652
-71.37218270857066,-67.84583204499143
-67.49357889645148,-63.1043513097867
-63.560808680983634,-69.1331686952817
-67.87364042963146,-73.35248113366421
-72.7703774147734,-80.10471441964769
-77.27987549069647,-86.85671559598755
-81.79457636185597,-83.01314761184454
-77.44374994796769,-77.95033858262642
-73.40605682857765,-79.24182142569228
-76.57293314317259,-85.14979763462189
-80.5857614455338,-83.8928735355734
-77.05956829293235,-76.29858405046872
-72.81312672778077,-77.29972168607412
-73.47348880455021,-81.52023891454965
-78.53715123221092,-86.10661241676638
-80.55922092842039,-81.88810782649033
-76.43654587846672,-77.34864474148569
-74.76836562135043,-82.54220442728081
-78.5269078370841,-88.1158884683659
-81.72897858247657,-82.88894129062041
-78.10641656284821,-76.98260813418236
-73.2235814087444,-75.6176026700665
-73.19389706226862,-80.67756629229123
-78.06308165431948,-81.2098762159873
-76.10709702608526,-74.45972122869597
-71.93600726038052,-70.48947442095367
-69.81691182718804,-74.70880676131598
-73.94600765682698,-80.45130378645379
-78.68107549812252,-88.04715617231008
-82.93788323980709,-93.95492633426457
-85.75228684426753,-90.06092359103684
-83.02784999431135,-84.15368428039747
-79.59088705298016,-79.09069042813792
-74.80548856348754,-74.02801697922627
-70.46885478555593,-73.6417948518667
-72.73611645621531,-79.55031095148117
-77.23899317510902,-87.99015774649321
-81.85412156265792,-93.89798739039044
-84.5888472787734,-95.07058368654505
-85.23475736957013,-89.16331861642905
-82.33809991363543,-83.2563357078373
-77.80230264253342,-77.34969383061464
-73.01800058451049,-70.59956333792697
-68.46654314000126,-72.33866604208343
-70.31103314265148,-77.40295169463472
-75.23845694912724,-83.31111694810825
-79.36870065567742,-89.21892220963558
-83.47388413709575,-94.79305664674331
-84.59465413900843,-88.69732581902626
-81.1154028556653,-81.94647275472623
-77.0757551923505,-76.03973717700133
-72.68022187202767,-70.13259861407552
-68.46430198566236,-73.30542201168198
-71.25295554185574,-78.6571167543367
-75.968693962955,-83.71743408100342
-80.02358856765018,-90.4692638943514
-84.1939188471948,-93.32099558511845
-83.2933244331458,-85.7262169857808
-79.58694963579099,-79.81957575120288
-75.08251637345381,-73.06899657832655
-70.14076552266992,-68.0054489830142
-66.90841307595855,-71.20903354055486
-70.89046756169907,-77.96094378047344
-75.37237846009496,-83.0251650624525
-79.80716880082545,-89.77703074739922
-83.50918738004673,-87.58685193766884
-80.73397426094134,-79.99184466420988
-76.90379705777335,-75.77254367832353
-72.84306234576712,-69.86604450100434
-68.24882065904241,-64.80310735806823
-64.11702605531413,-67.8539354105306
-68.0963150648626,-73.76336971569154
-73.22205474345628,-83.89109805353218
-78.3042771418778,-87.26690633632674
-82.02219452549227,-85.05598030432057
-78.6224315837801,-78.30519525384466
-74.19424229893605,-73.24210003992
-69.94053898185707,-67.33564214824197
-66.0064594943661,-64.72369967432176
-64.94534390706636,-70.97804146019917
-69.09283373225922,-76.88826645011898
-72.92311962850101,-81.1079678941554
-77.67216327155725,-86.17183944617702
-81.7716221451296,-84.80456803208821
-79.04199220533118,-78.89733701790088
-75.18153654111764,-72.14701166476951
-70.17728702083033,-67.08405575331491
-65.24710475041248,-59.488677939742395
-59.823525628921125,-54.42547333886871
-55.485115860093615,-48.51823794648755
-49.87036193239443,-41.77542007030693
60.44109849423377,52.763648672168976
60.94256751910714,46.85220042113595
21.341916167575768,14.780015568209183
15.818842808593173,9.715954702010341
8.927725825018003,2.120275337639894
2.1136968125535183,-3.7877800144703135
-27.974497093967543,-29.107709646164164
-35.68422967902031,-36.70330549738582
-42.462212665583586,-41.767676666925226
-46.44762165910772,-47.64908085746595
-52.71479259541847,-55.24518483713692
-57.798876444388625,-59.46531738292096
-92.35990805511456,-99.13343006848004
-94.04178640644598,-106.72946626312294
-97.19450946551834,-112.6373563635525
-100.68048117064333,-118.54526982244109
-131.58345967165008,-125.78951595899068
-131.57473427711315,-125.79007780433031
-132.29277552951598,-125.78997813435319
-132.66156095771774,-128.86270939840225
-135.93164782043203,-135.61455320910693
-141.1260589519176,-141.52255101295873
-146.02620470706756,-150.80654992238988
-151.43947387917305,-154.18254183475264
-155.95556725386973,-160.93409596208352
-161.06498950479838,-165.9982774470616
86.49570032110213,109.66258401401168
88.20421948055929,107.58845994483198
85.99883138907576,106.82799893023545
-92.42783708167353,-104.18374990607104
-92.33043411859165,-103.52111819443066
-89.525354004696,-97.5225011373521
-85.43887647932976,-91.70073315010583
-83.27948581637186,-91.3592719035513
-82.65098618539027,-91.35882436057862
-81.91823497554314,-91.35902186429534
-81.0351605428625,-91.35923132745165
-84.12553338939524,-91.35998230838848
-83.65009719625155,-91.35975528119249
-83.59417704136806,-91.36108496713814
-82.47711108935472,-90.70296430712585
-81.26954407505386,-84.262813947356
-76.79735958768619,-79.06239176123933
-73.34982311909376,-71.6331474993925
-68.94133874445484,-67.17565162208217
-89.96987513449663,-100.98018789789772
-86.67420202169497,-95.03687595671204
-84.88830930701373,-90.57952649132484
-82.98722366845342,-86.12196452191814
-79.63557585615922,-80.17874634250022
-76.69278787996076,-74.97831536579127
-73.02265954012611,-69.03508618498229
-68.55575394792844,-63.091698527913124
-65.01308809450663,-66.07729991059503
-68.0754152749582,-71.98581603845943
-73.11568841846558,-78.73756350613904
-78.43161544405497,-85.48952877084318
-81.43874571113089,-90.70128807525256
-84.01471241820458,-90.6367566172735
-4.33096355933808,-9.431707796483002
-9.376635962778067,-16.183744822372354
-15.256349700826078,-22.35198412225998
-19.04283801812462,-28.225278308749772
-23.673710068862665,-34.97707532782899
93.71662989418802,103.58981823535078
87.74522268351008,96.8376255417221
85.12455620704687,90.19713520772514
82.81359999191838,89.58632831173526
81.9717939608941,89.58605441250928
81.41061070548234,89.58750654617833
84.19021367995806,89.6007865838088
84.47235293190273,89.60362435700881
83.6312142524673,89.60770019404637
83.44105099280378,89.60970978099643
83.19174965820427,89.61125936401945
82.63774800607189,83.93845335268045
78.08530354016779,78.87434353255709
74.19135295259474,71.27843026427074
17.48280781281324,16.41869915637792
11.896546752370897,10.510754900395149
7.637891689987086,4.6028959479325255
2.423597337478205,-2.9930625025609654
-4.167985275627489,-8.901394571403811
-10.948611565426773,-16.49715873037491
-15.790546157190017,-22.327602266534193
-26.913042185386107,-34.447934878351724
-32.290724324509405,-41.199756253175536
-71.46727300516137,-74.29376025336664
-76.27052039130334,-81.04556382338967
-79.80612022214022,-87.79750135152658
-82.83795803239393,-94.47594731612337
-84.94862093295131,-100.70733130345953
-87.35217827468186,-108.30315066399925
-123.89930455579552,-120.95604087378679
-156.84931617306688,-165.2972229097432
-162.21787439151564,-165.297063615136
-162.21787439151564,-165.2974985374059
-162.21787439151564,-165.2968756817388
-162.21787439151564,-165.29695522005292
-162.21787439151564,-165.29684108963207
-162.21787439151564,-165.29714695025808
-162.21787439151564,-165.29647101067323
-162.21787439151564,-165.29606264351293
-162.21787439151564,-165.29604277800905
-162.21787439151564,-165.29619933298335
-162.21787439151564,-165.296363009455
-162.21787439151564,-165.2953900853758
-162.21787439151564,-165.29607171480785
-162.21787439151564,-165.29829828949119
-162.19053083595747,-165.29912493525217
-162.28559590092755,-165.30127381010357
-163.36126426122098,-165.30109837835974
-162.4912070461171,-165.30081857568933
-162.45531514346817,-165.30068568405258
-162.45531514346817,-165.3006891438535
-162.45531514346817,-165.2998209880863
-162.45531514346817,-165.30213478483273
-163.14054309238512,-165.30383894139555
-162.98106886011988,-165.30511148432478
-162.98106886011988,-165.30847584199378
-162.98106886011988,-165.3105674601625
-162.89977168193752,-165.28696063954064
-162.16723042227224,-161.46280335430234
-156.57023162361372,-156.26162387093254
-152.21936148680163,-151.8041904973386
-147.40087946710096,-146.60339312886296
-142.73313725265822,-140.66026823106444
-138.3907168918485,-135.45987749604743
-134.1526018292349,-128.77374166343867
-129.6734865690195,-124.31627050030386
-125.89059431831683,-117.6300664053528
-122.0330126441015,-113.17244273845941
-118.7935840436181,-107.22923526258246
-96.86941160262994,-83.45612512017085
-95.0605908338483,-76.76992395677539
-67.23439318035234,-69.34075404921674
-60.85689451158358,-65.6259649495874
-57.46103248405092,-58.939918673330176
-52.48136009231144,-52.99665799836557
-48.75351468483182,-47.79622684461025
-45.46147544580525,-43.331320006509834
-41.756460431452915,-37.38825695790924
-37.59608166411213,-32.93078159990131
-32.7915479399089,-28.47326529846435
-28.96494474112789,-23.27287503439268
-24.08409897047146,-18.072498668698746
-18.947507165013533,-12.129267033516927
3.9070799892612538,9.421891254960613
7.780678310031974,16.114053363769127
18.30036743017606,26.51643177991547
30.83609951315184,33.202690668376064
35.18046391011198,38.40315633071884
39.82114875785241,44.346420785210185
44.74671460009411,51.03854589248158
49.66312444888487,57.202232883380056
52.75670019395164,65.48428263045524
57.72555489522821,69.6527934247229
61.616636721390506,75.21114126273095
65.88464437583009,80.41509651112747
123.24972791707954,118.79000527969954
128.25911003371135,125.22546010433281
131.37849484453488,130.42597483818133
136.70837854999812,136.54514834741013
141.7207195905008,144.23874974374738
146.82032980233646,151.6678596376873
-138.98894131428622,-137.38201284551482
-138.73094447487432,-137.37761486964746
-138.45385011308827,-137.37884461663717
-138.8058602943724,-137.3787500887872
-139.6456987416402,-137.3784335608265
-139.08457308701338,-137.37941991315526
92.66189770785556,92.5167564962259
91.55533717235899,85.76499818785716
87.6201098880945,79.01306657817923
83.46528174248209,71.41707399677911
79.90136867750293,64.66499899178847
75.96600702273548,59.600981425915855
48.91822259315281,52.84920964270076
44.298104278061174,46.941101124182964
39.90833771343553,41.03329244498139
34.52267532419856,35.12516482757878
31.87186333785611,28.37303842571402
25.632645460621504,21.62112875676494
21.10442437958094,15.71343810795112
14.261152019328172,8.961442682695662
8.427821614880449,3.8973053911993643
2.911175076910651,-2.854608385018113
-3.6935297134905216,-8.762764954601288
-47.15329241846714,-61.93346779408322
-27.35158769377789,-29.626763627173286
-23.349885492334217,-22.031879234261314
-18.074151082040466,-16.124801062510404
-12.467956942767866,-6.842122063562126
-7.190786386240945,-0.9350192158749921
-0.0,4.128080895383446
4.328410813497127,11.722959878383675
10.056073328524137,17.629940090075618
14.981974030204395,24.38099003090487
94.54766217216022,87.44933818309177
96.50510227767501,92.9070574018391
98.67611781167766,98.99453667985901
100.98549669973974,104.8446441754201
104.34441880280342,111.59564628056287
109.11484254235722,119.19046523856875
112.92340196431795,124.253795055064
116.37604058565887,130.16095615692456
121.1152957610415,136.83098153683446
-27.828966168575093,-29.707421226588195
-22.84892717278417,-22.2668100292783
-17.424423703266992,-13.82797830437847
-12.471868219584557,-8.764833329540444
-6.228030457658198,-2.013852526415673
-2.109563381734646,4.737310445683348
6.007943003810135,11.488084242937205
10.72909639619607,19.083103817736635
15.14131481278534,24.1463164329183
19.339045323880683,30.897191582743556
93.11627143624985,81.39625704760518
95.07683025105256,89.62303275261951
97.31201873508383,95.1320109266201
99.71483833394853,101.11634622292763
103.25826434652221,107.75462085412889
106.51042963442087,113.66176209780203
110.20755354112738,120.41268074702363
115.00081255207462,127.1637753002522
119.05992001590675,133.91463423020733
120.18190469511343,139.71576665069645
122.00049414354142,128.44543961809273
117.20050658386619,120.84963036907021
112.44565856849759,114.09794935429774
107.94086104276117,107.34587284666314
104.8624422844575,101.43816411443406
100.98227310470035,94.68633526280865
98.71095158099506,87.95591613240656
96.43422043444191,81.84592002726927
93.99775822238128,75.38659255871984
16.65589337823319,15.691576790992205
11.25339809172843,9.783408726789524
7.134943392054653,2.187732447068092
-0.18475174560126797,-2.8759922658713126
-5.325857264638246,-11.315574216877003
-11.21158578181039,-18.0675041674383
-16.545754271607958,-23.97533055964021
-21.065667726348323,-30.72700407247376
-25.209881649204895,-36.634936678101774
14.051718563685666,24.656024735021322
20.878348651468308,24.65416402411311
20.466916308901492,24.654443887562813
19.95467081117611,24.65397221422305
19.620219431969353,24.654186018551048
19.749238411665495,24.654379980491676
19.577450559532256,24.653844248592016
19.63366805846949,24.65305534840063
23.748295868309256,24.639427204900493
26.08436420880167,24.63641622212457
26.891785829579124,24.633187699761866
27.55023970905619,19.806615194462754
20.867736624577805,13.054679703080664
-37.744889586362085,-47.71305939692653
-41.9799892851721,-54.465169008885034
-180.0,-173.59589364287737
-180.0,178.80829069888838
175.88293156669502,172.90858835971082
172.12082325428702,166.06821370675175
165.25337554228827,159.31627277935758
159.93530341694975,154.25218433086494
153.89160155844985,147.50048132272596
149.15920244644522,140.74843066438098
144.28707967958871,133.99625534352336
109.1191463528688,100.23611801717972
105.15338833595158,93.48413467938536
102.65382021355262,86.73226148795939
60.89268888637631,64.78863037279052
56.76984891246387,59.724550744619684
51.847128610511035,53.81663523246048
47.176400012662945,47.06484935827007
41.43890497474765,40.31280067397474
36.20869012478595,33.560804652783425
30.22761388069854,26.80869226065993
-5.3210007034145335,-12.014939807481646
-11.608548732071243,-18.766582089981238
-16.32594030515778,-26.36259890832224
-44.372819389389775,-46.61821030224394
-49.941329362524954,-52.61793488074147
-52.316510879722905,-58.378397745960974
-56.32100312044383,-65.13015041381145
-60.73925848895224,-71.88175273402076
-64.22897022793083,-76.945759128193
-68.69445456594303,-83.69740904187621
-106.56605288777466,-102.98451506218919
-110.58022290118393,-109.73484611252931
-114.58279813502149,-115.43569161653552
-118.79914427617216,-121.33960675955511
-122.67329106260303,-129.43674071555296
-127.4882747015964,-135.34444973904004
-131.87312666851975,-142.94030584499836
-139.1281310988408,-148.00418214985953
-142.04355455174888,-154.75607369858594
-180.0,178.23683887177327
175.62657498314394,171.48505653234963
169.1150542616256,164.7330204223536
162.5681313711883,158.82530257787678
155.7976814668228,152.07338053193328
149.49727318851134,143.6336658842756
145.08519148316898,138.5697343813013
139.68499294644937,132.78482752543593
135.08320688320978,127.17850267797694
130.7999951562111,121.2707435070069
126.74221811647321,115.36305830545183
54.404965165205084,41.092471917567536
-93.72694517564867,-84.01306344891766
-96.6319773768596,-90.76503945723411
-99.61462622761907,-97.51688655822814
-103.4589316879972,-104.26889486117882
-108.71167354858513,-111.0207153344351
-113.08171634645588,-117.66118354853808
-117.1854772495765,-118.27327694287384
-166.6984973934705,-167.7478967635692
-180.0,-174.499624838943
-180.0,-178.55271803698108
-180.0,-178.5482885188725
-180.0,-178.5487082150911
-180.0,-178.54920371228778
-180.0,-178.5497830786777
180.0,-178.55021204898887
-180.0,-178.55044231650172
-180.0,-178.55069483616947
-180.0,-178.55230285928897
-180.0,-178.55270089143198
-180.0,-178.55294634686203
-180.0,-178.55347407402917
-180.0,-178.55382758220162
180.0,-178.5541846319125
-180.0,-178.5543109064515
-180.0,-178.55484043937602
33.03890279686232,35.378937893162636
28.74861922987769,30.005663748082082
25.169704575693846,26.63383893287639
23.482382458387068,26.631086843694145
23.71002281138741,26.402889117988654
22.57899325877971,20.912730008660393
17.53569385831596,14.160692253618135
12.52050276772197,8.25292829936811
6.569074635223144,0.6572499211067027
-0.4368786522599274,-3.587493189823158
-3.093852776541928,-3.58689039004373
-3.1141500024808098,-3.587283790770311
-3.679174568611661,-3.5875368672724313
-3.541273456000384,-3.587673257163254
-1.9599953491738198,-0.4067550852344007
-0.021909554681232173,6.336862076561481
7.883619314792449,11.581176327130022
12.984218716260548,19.0118897944439
18.123940500744908,23.239010862596825
20.860880343712246,15.21379358298068
15.009109865341607,10.993685271569335
9.100578649417175,4.241801927206885
2.6138301006571867,-2.510264182573432
-4.121642872637326,-8.648590167691665
83.42068755812836,73.39605139629894
84.30741644616725,73.39252532848086
84.80558659091442,77.38245522868803
89.10325790349118,83.03280087165147
92.00523530007632,86.95929589991653
93.57747175615455,86.96144846611561
93.83809126786835,86.96140368737606
94.3951684853695,86.96236604218714
94.93593459481815,86.96273766719456
98.28591953692442,99.00601547539243
98.79898901573029,99.00578512279522
98.33852094981076,99.00538450034725
99.10188370684352,99.00493742471176
99.35908731342047,99.00477507844221
98.6534672893623,99.00475803576114
98.81896254869518,99.0048193413016
98.8516583295852,99.0041085848743
94.01268508843476,101.8973523954579
95.76725055671884,107.84095864092563
98.57327972967505,113.78429451787349
102.11124735452157,121.21345930734128
141.51950016269478,143.50347673200133
144.92322207112926,148.70367980853663
149.00821041272937,154.64713676695933
154.18018153399726,159.8476716300455
157.894157222952,165.7909190841216
164.25483565490603,171.73418026138344
169.93550311350603,176.1977017652691
-139.4755635433116,-131.48695190279565
-135.2281683306429,-123.76573166750238
-77.98873155137325,-83.64843425148489
-75.17279347422793,-76.21940769604264
-71.27856514322718,-71.01881902292541
-68.36841073566096,-64.9638930650938
-64.41368026829936,-59.056595097251275
-59.62321797106747,-51.461839765244605
-55.59730011690725,-45.55463144692513
-49.68573502325395,-38.844776928770976
-44.75874356578556,-32.14132320066746
1.2799548133384038,7.157495938861719
9.066021091799023,12.12996406743921
15.939994049212226,20.568523322549094
22.846786583972168,25.63183523548375
28.2450786162695,31.539187963236756
34.7391606177641,39.13399687524693
40.09687874972068,46.60489828434267
45.57729320383295,51.92957728588671
49.57972897015106,57.836522389939596
54.487750905016995,63.74366569591081
59.43146908130447,71.33856919052245
64.3823577810494,77.24572294164712
69.0401341576689,84.84053359188394
138.64575755096718,137.73133451581006
143.30412298199118,144.29182994443573
147.47055980448678,140.24648637682625
143.21671801812207,132.65025992957328
138.78090360970754,127.58626740401273
105.22741100230803,91.29486270258275
66.47305174795,71.88292907820639
61.59983256946427,65.131023660485
56.54768176286911,58.37908253999292
51.66874575832173,52.47129489792905
46.93472278778628,44.875070904204826
41.46529861168529,36.435303836625785
35.77446064218046,30.52732171367667
29.803396654673776,22.931203646920338
-1.8548233710667965,-8.296402096689269
-6.63863415229413,-15.892467866500718
-12.494442029512777,-20.956219003690794
-30.483995983244316,-32.77238942156677
-37.707500085573066,-39.52436755478075
-44.14800550664146,-46.27613625687923
-48.691985680152065,-53.02805052766407
-53.7211782505118,-58.93617479125158
-57.739289994803244,-64.70095204651238
-59.42729925641526,-59.69627175201203
-54.476059643856125,-51.25703971991717
-49.99791963640545,-45.349941386071556
-45.33752827115685,-40.707873871385615
-41.67924586858026,-34.76525323080331
-37.439535971083636,-29.566307925905033
-31.78456116520459,-22.879070829858616
-26.609392036508307,-18.42178549244215
16.370062614806805,18.370469004111513
23.28583126786045,25.111566923869535
30.38702367192474,31.862454493106867
35.17488393385313,41.145185966029146
40.542403362310296,44.520433655045984
44.91123553667444,51.33039991865587
49.66132335634516,56.73641046991721
54.00844397935383,64.33121403641302
59.33113966152644,71.08244050864326
63.41346879021068,76.98951222707281
67.45989381239232,82.05266035649709
123.47383322209484,120.8707990743311
126.71151925462244,126.77790234549566
130.82037172003714,132.68520180663876
135.80155668917098,139.3640252987471
140.0045240029378,143.24371620600968
143.36625306421666,148.60494625835562
148.23467317958728,153.06234276178364
151.31573406047835,159.74859142316927
157.95968324027336,164.20597808608088
162.60751284369059,169.4063575606355
-142.14187618304882,-138.58939459550288
-137.5571160602242,-134.13190301652978
-133.94351627696204,-127.51696282572854
-129.66930542987672,-122.46322075361587
-126.48149666553171,-114.90013716252432
-122.17950156627394,-109.6536879689807
-65.40940796802464,-64.3356271653579
-60.93738197199838,-58.34758685133329
-57.083881270564284,-54.632928575505666
-53.27775193005851,-48.689669176468904
-49.43652368983356,-44.45922659252147
-46.14129601690193,-37.58903240689206
-41.15982443930618,-32.82689636638937
-36.120932743036235,-27.306712241037378
-32.44766284022164,-22.065932367546296
19.87735056553981,21.66110193651542
25.227485304857634,28.41192119460517
32.58352295609802,35.16300043097649
39.02029226101617,42.75766303994923
43.72941140711216,48.66479359133366
49.29745867320877,54.5717774415601
54.02474318500099,61.323017659256394
58.48215132068475,68.07378170869274
62.95125120096092,73.9810276971176
66.92894725519534,80.73175996897497
70.91364520027123,86.63898490748939
127.94677691884215,126.30105142817196
131.99121689640705,132.20805376267396
136.5910124001175,136.08368421573522
139.93976306490106,142.520723021778
143.21138126799426,148.42796236283877
148.85070459610716,154.33502568991003
153.47217636183808,161.7775552002244
159.36793696811827,165.76700585791292
165.08951654679214,172.09698346850277
170.467427844364,176.5543988258336
176.08361112602861,-178.98816411992664
-135.97605090615227,-130.61200756811638
-136.76603948167437,-125.41123050679326
-80.231025592538,-83.79557520465386
-77.35590643109565,-78.59534231097345
-74.85077433576858,-71.90915478507146
-71.40095401956962,-66.70880402692659
-68.5620786939469,-62.25142095360764
-65.47466519180936,-57.79391411502523
-61.22993704167727,-51.850445844307536
-57.346250004943094,-47.38780657896716
-53.45854432273021,-41.82927885342147
-22.689271540583963,-24.618802835747086
-22.396326403105142,-22.177404767621436
-21.542368213716927,-22.17798355652289
-20.77595727309434,-22.177696338438746
-20.93906185638754,-22.17796953941729
-20.804242872646753,-22.178200570503115
-21.008684987532355,-22.17860891693068
-21.738911102235942,-22.179165913145294
-20.536971386298926,-22.179492420529044
-17.257392646094207,-22.18079267061617
-17.755586479932482,-22.181123990137262
-16.921529066497506,-22.181587459529727
-16.967589423996547,-19.857711596467173
-15.09517352925163,-15.294412172619335
-10.778125100955915,-10.094109747171602
-7.465333316342603,-4.150868924583324
-2.9561013634904976,1.0494194432653103
1.8470146154771316,6.249735398534979
7.3645633632180285,10.89187621947351
10.895106405213332,10.916326295424343
11.414953866124819,10.916349043527891
156.45099775028405,155.6299233384034
158.8966851338724,162.38090238293836
-164.3281801876994,-155.42525504337306
-180.0,-172.22368360406384
-180.0,-178.9753694016291
-180.0,174.27277077746754
171.70362481711635,166.6769460810193
163.65959095308273,159.92489637158485
157.4783386580751,150.64085655982208
151.07542842143297,147.26496006595738
164.99597956268386,166.98002100552964
169.27227287822677,172.9235162224662
-180.0,178.12367326484878
-180.0,-175.93312466627054
-175.54503487932294,-171.5167656756531
-170.94238684317634,-165.3120945343316
-165.84159648208012,-159.9735515715026
-161.67016979164725,-154.77393500192346
-157.40937317496847,-148.80980892202084
-153.3350751974651,-143.61185809683735
-10.318027239804328,-10.35988774798454
-7.250298560856982,-5.159409534540531
-4.05131773600364,-0.7017499427257378
0.19914842022948012,7.470122516709164
7.553760764484433,11.184666186048794
13.11363832837267,17.12792014658616
17.817515701914306,18.090677005123364
18.633636088743124,18.09258939298495
83.92553440603237,77.78265634273771
105.81900761605793,123.35197222759336
180.0,-177.63714104285515
-180.0,176.44864838222466
174.94302811427045,170.48868988598102
167.44509052571715,162.14569521094586
161.00244577603144,157.08181677487445
154.43450801592164,148.6418421978703
149.0259873936543,143.57768296225098
144.27248365077565,138.51390921623616
111.75052696992522,119.10208430625018
108.58830655090568,112.35007196437475
106.03750347864204,108.97414011108685
102.09623996951218,103.06605964102455
97.52176976971023,96.31433068069921
94.88114384745866,89.56202083457127
91.65989870637645,82.81026217307955
89.17094859338492,77.74618961226638
84.99163714870447,71.838443542847
81.15940651068478,65.08616906252968
42.35446242020294,45.67430569026059
38.029857262358675,38.922552537237785
32.14521280782027,31.32658264660367
26.92659804877376,25.41877546501678
22.4043302622245,19.510733605755437
17.486715948628614,11.070966432746369
11.138125762038367,6.850919810772643
5.929806139134656,0.9429229462237962
-98.61031091762122,-93.83846485253909
-101.89304205825532,-100.5900180860427
-105.85090494397916,-107.34197101719207
-110.54037943366191,-112.40565120358252
-114.17278690436467,-119.15739113916082
-119.2355916408503,-125.06547503166802
-123.86313461502722,-132.6612629006656
-128.89628679052657,-137.72246016144422
-133.88448699071355,-144.32298668550774
-138.34975116293714,-149.1526714274448
-142.98424291428813,-152.0955993200851
-146.5441416355441,-155.99897037730548
137.29372240610496,139.15841772885958
131.1638246592645,133.33009162822148
125.96011861501303,127.4329705080999
121.62040130803692,120.7247996066764
116.74294610339071,118.29797196261397
115.59314559695392,118.29790120865547
115.38659466441521,118.29748196232342
91.02737195104673,84.05282740605318
91.34991376567903,84.05296681172744
91.73772763912783,84.05476584640907
92.2155323432738,87.00807777420947
94.14929479771256,92.32660729141156
97.04919542242338,96.2515019047146
99.0602621270959,96.25390655957713
99.65403043146236,96.25366609161034
99.7624059518705,96.25464900252426
94.99168940599554,96.2566593824054
94.95760621358636,96.2574901361571
94.65243964251853,96.01650816659603
94.88582464897996,91.49491001082029
91.82731183310864,85.58685642278206
88.47215427195874,77.99126713725303
85.90040398317335,72.92732451484483
81.30137892317711,68.63537648344817
80.71056227645259,68.63762812009188
81.90215819534949,73.09473684201463
87.7313724965031,79.78103777098508
92.18330111002744,84.98134375135683
95.24657638735854,90.18240440883795
105.89832061916161,115.09908011870348
105.14566944842873,109.88527245960681
102.3508272819885,102.79613183098868
91.38157008272161,87.45908157517403
92.00791360210253,87.45911917359142
92.77300895056165,87.45886987728089
92.63945573014648,87.45827741500152
93.18084811175392,87.45787575150722
93.49403120075803,87.4581942370719
93.99281497547801,87.45921304071388
94.44760029400324,87.45836575693887
93.65491899706487,90.07711059634636
94.95102173651277,96.82806817351627
98.18534914794098,102.73525771868024
100.73590079628866,108.64233937917022
103.74494532625062,114.54952632766582
108.00544805913924,120.45664068482326
111.23629988316598,126.36381555422756
114.85027562177513,132.2710215386346
-92.24166156811104,-82.83603543025232
-90.92970151788745,-82.83743542540631
-91.9260409089439,-83.00917498171052
-92.97783089290432,-89.35854943849941
-96.50917911513513,-96.00013414695246
-99.74083577559558,-96.61549198496292
-100.15735381723394,-96.61694874354478
-100.2451751428296,-96.61850039120506
-95.51476619941731,-96.6208663597648
-95.96309400773522,-96.62021636904521
-96.11242601053505,-96.61966599284308
-95.85728520293647,-96.6209100871145
-95.31036084192151,-96.6216754910238
-95.16727108861721,-96.62188428839866
-95.08901318444478,-96.62165363700977
-95.41012590844737,-96.62351281151359
-85.31617138495474,-75.1013609998199
-82.0427558486326,-69.47558587805275
-78.95844732128153,-67.96505295986292
-79.71762961328984,-67.9633046703778
-80.01584858205872,-67.96076013019356
-81.85761036518535,-68.12585268789245
-87.94612026775161,-80.33892961062946
-92.78241350045029,-87.09074719976313
-96.73681496779919,-93.73369656886322
-100.34749514101158,-94.34900220081852
-95.97406039144008,-94.35023496586332
-96.5171786707342,-94.35171412267351
-96.78032856443902,-94.35283993933017
-96.59607364156493,-94.35586409525779
-97.33642231804035,-94.35888289563265
-96.90230398615611,-94.36115025990694
-97.71086454579535,-94.36002331224115
-167.8560443978655,-165.78811875910927
-167.95506701669748,-165.7884174713794
-168.02354505017433,-165.7886236660464
-167.4476909098908,-165.78918084185418
-168.27133156978914,-165.78961581200872
-167.93898014464287,-169.7101303953775
-180.0,-176.46226008625703
-180.0,179.63653475253076
-180.0,179.63523859821612
179.94544468552743,179.63095503508418
-180.0,179.62924141938436
-180.0,179.63100909486016
-180.0,179.63468933484626
179.7478338070235,179.638205354975
-180.0,179.63772213114567
179.7903899777637,179.638212621299
179.8137996378825,179.63818323578823
-180.0,179.63208888397492
179.54727833471387,179.63225348064267
179.71850204515493,179.63058641554957
177.67894916712052,179.62987334981307
180.0,179.63116348291263
179.5419945607073,179.63287108475666
179.72859509669618,179.63353020565896
-180.0,179.6485571378523
180.0,179.64894677227738
-180.0,179.64746835817272
178.8510792054857,179.64604195609647
-180.0,179.64367489643828
179.68547294020698,179.64509570994645
178.05392701968535,179.64605102096496
-180.0,179.65053501142071
-180.0,179.66378131906256
179.8675445849471,179.6653074968403
-180.0,179.66535038423336
179.73392381448042,179.66710415087354
-180.0,179.66903404608664
-180.0,179.66713301386312
179.80100333410252,179.66512430103035
178.5015215986797,179.66417099357514
84.47125249162414,95.73174967468377
81.7398976873403,89.82343669754951
78.96555833615356,82.22745614399433
75.8456537077613,75.47561493788245
71.05082827973894,69.56764292392879
67.18913011286321,63.6600758848161
62.82344179704632,57.75209237400034
57.68660250819471,48.46797914591193
30.30133039812404,31.588286215312515
24.817945940967974,24.83620529711713
20.75230907275345,18.92819230890222
15.049971080917429,11.332398255408666
10.099717578821748,4.580176351119297
3.3925178287252447,-1.3275666224393083
-2.0433753251184896,-8.079594260917162
-8.104579985876608,-15.675156928985569
-13.28535622438825,-22.42714088992714
-17.818748722041406,-27.491000286770937
-4.362889159894734,-2.8287280584308707
-2.143653450858004,2.371826608918271
3.255716542073278,8.31501127322373
8.621346348489787,12.775799544892964
13.753739186850316,17.977246602124985
18.840225002418347,22.434659492442027
22.80986834759417,27.63516145351247
27.00230633930882,33.57847586129358
30.969126276348906,35.27740628371089
31.442847911297097,35.27758349776791
31.828038912895394,35.27707357038826
63.49797111510992,58.138329454593915
68.56887020992538,63.338780822721205
72.03946254542691,69.28206220564039
76.3096951210881,72.99665627385727
79.96342599916908,78.93996015567124
83.66930547567347,84.88331315958108
87.27964143587847,90.82656104006362
89.86416124937594,96.76993653448835
94.57580690906825,101.9702525233689
97.99995410927214,107.17074185047454
-180.0,169.5800855875094
-180.0,173.29464594804983
-180.0,179.23792880041015
-180.0,-175.56167483821514
-152.41051410176144,-142.1301603273208
-119.74516277422437,-114.50264116761491
-120.12324771722798,-109.95055359496695
-117.37429123708203,-104.75003090759816
-71.6664038671348,-75.56718861657106
-71.5957385708516,-75.56744918235835
-70.76988166632005,-75.56779713630318
-70.617942619367,-75.56831423612422
-70.92161305754983,-75.56864147670292
-70.49930507097372,-75.56916142576985
-69.66365916726525,-75.56950107327823
-5.983700439136584,-8.914597028063305
-6.122451341621113,-8.913642721186726
-6.163299783464577,-8.913663489074624
-6.290856091279375,-8.916680770311721
-7.166439901985949,-8.920622409199444
-7.742764952293989,-8.920220372952379
-8.15253358463283,-8.760713949029828
-7.7233639142059065,-1.863072966166659
19.41461361151253,26.74318834099831
23.42911804357689,25.753482581377583
20.7762818561668,19.84535578805122
15.377303375576885,12.249288517683743
10.762299196706037,6.341210216379001
5.406726588525615,-0.41076433402335827
-0.0,-5.474660541983963
-5.385889336122417,-11.654893557310901
-9.97602169431126,-17.53522559704491
-14.593107389981267,-21.755154500844927
-19.037530100591987,-28.50681445032382
-24.761630034623415,-36.10242580503664
-26.144592260228645,-43.69820959176573
175.03881323863413,170.3051765558888
168.09910981396945,163.5533837896408
162.76909544527484,158.4894962002654
157.61032540874507,151.7372950941447
152.0144983253254,144.98553057226832
148.00289432401095,140.97934571435567
145.07883036831734,144.71255933901017
149.28195151974924,149.91306108186856
153.46557070291374,155.11326640386847
158.36228265243304,160.31357205374968
162.88406221582736,166.25687290275891
-165.16057372119718,-159.07291358161277
-161.57703586877358,-152.4503171496244
-156.29034713222828,-145.74532579503585
-157.8168745456117,-158.25817987632607
-162.1751130779643,-165.00987776992866
-167.46273339922485,-170.90925150266
-173.4247095479371,-177.6581196080505
-180.0,175.5899403358996
174.0724049788887,168.8381650538811
169.20250807640772,162.93028737589134
163.83581378372168,155.33432980263387
159.10917303477314,149.42653571112675
94.2765657619329,101.32456848865561
92.60028630512507,94.57274069198459
76.42232883588744,64.7158291650727
73.3614609286337,58.808035990593915
45.1929230335944,47.98664080749958
45.242978269281856,47.98601898604311
44.53079878200302,47.98525658563732
44.72788474388829,47.985382619350396
44.30303885796392,47.98539881386613
44.20324876430462,47.98561975228565
44.31228646263941,47.9850737756268
43.47132712742143,47.98434362085126
44.178785646868725,47.96759890054523
43.62528665543064,47.96427718989851
43.49961556207128,47.963102937717956
43.46543540627059,47.965441001325466
43.00302229539788,47.968307508834044
42.60871016982782,47.96701004688551
42.45634182896275,47.96482267302106
41.851382373499156,47.965805592847865
58.03313464499788,47.96679939341476
18.533343787478156,11.117601967513377
-4.315009252182115,-7.450655477433827
-9.554091428812502,-15.046674397650667
-17.780226758680797,-20.954612744070463
-23.1306570752538,-26.862629593865847
-29.18286092723674,-31.926682381801502
-33.38735986601531,-37.83470331409515
-38.29020543318413,-43.74263782489681
-77.48085238229692,-75.81470435927898
-80.51011525322612,-81.72265902529134
-84.56491664723421,-88.47475513586528
-87.76948298493133,-94.38252295266163
-89.97732245256557,-102.8224494288276
-93.87895133126028,-107.88607106337511
-97.52637675114912,-114.63823830627115
-100.77401254073587,-121.39036343120209
-135.54191630699404,-134.8941044443791
-141.53089099312518,-141.64612750238925
-146.29468010985994,-147.55394615510932
-149.83711390383542,-153.46192351812292
-154.7669716408608,-159.25750217364222
-160.22459210250352,-159.86559118416042
-159.31022733996627,-159.86562823796373
-159.6537108205016,-159.86412243177608
-159.79937759292014,-159.86309275341074
-163.49411798076477,-159.86343034264868
-163.36992045411915,-159.86562086118192
-163.404608779047,-159.8682650018721
-164.0464356527607,-159.8726305328909
-163.83711680247043,-159.87793859552767
-156.40664901299525,-159.8887827684182
-156.99778473129587,-159.89108314591454
-156.58487693243563,-159.89302592919148
-156.7493079103963,-159.8930916419234
-156.72673619247723,-159.8940109711422
-155.88669716310793,-159.89250771904864
-154.8377564225571,-159.89192258752408
-155.39826006971657,-159.89142514461938
-161.3289064178165,-159.9003201879323
-160.16148520075117,-159.9017843743195
-160.80836481994623,-159.90713422246648
-161.24515390009614,-159.91118691649118
-161.30322238609887,-159.91213781280362
-161.22323683233802,-159.9153714492491
-161.14091942761624,-159.9187224493829
95.12084691155876,106.09361129117453
90.18426273520448,100.18601888733308
86.39411265827177,93.43388198266075
83.21653224946091,87.52604287091324
80.30184736575858,83.65255747793638
78.13926089007656,82.50542466062903
76.18994226952803,75.7550362203875
72.14240569935798,69.02454898565581
67.57696358494464,62.27715779267601
62.30716723333807,56.369393006688064
57.06967151059738,48.77357767755898
51.421100050081456,42.865638091872476
46.20544626510821,37.80181047160774
40.28556322472228,31.050000855796196
33.8156583170007,24.68994436285114
-49.3389039578684,-46.76763440386887
-54.357235109351805,-54.36317745053477
-59.79455718704832,-60.27107572524756
-65.59930486605519,-67.86660903284337
-69.1821036611209,-73.76110515542668
-73.58329084260951,-76.97063091180242
-74.71951958408073,-76.97146634265269
-74.50152325454782,-76.9713683255991
-74.29260353091794,-76.97138839127324
-9.835868880495049,-9.875392595730712
-6.306279545505367,-3.9320879962130912
-1.7059109424486605,2.0113911381583724
2.7346625324424263,7.216573951826805
8.938521189584437,13.902639757606314
14.858303432172846,19.104494402205972
20.2984841417246,25.047967697691806
25.38468557605227,31.73393852203334
77.46795874755806,70.38402125490975
81.33339145778011,74.84146726281205
86.01775271501104,80.78469171618006
88.210473992127,85.9849946051938
91.73943312313735,91.92836394313368
95.01449846478612,97.8715816846322
98.3441444301635,102.32895403396944
101.8879242886663,104.17711916597312
101.90341505000453,99.1139798300593
98.127675883231,93.20605445412424
94.35008880339232,86.7538994329914
91.27187377401512,82.82072667852675
88.21853914244937,76.91292050047922
83.13956063963806,70.87173472882327
30.342430877763054,31.75131966973295
26.077964208012833,24.99953596815314
21.686662244484214,19.668707409985792
17.4335383963498,14.910910536746826
12.833357177057701,9.269599846037215
7.439905153861792,2.543569395055394
2.170405603474018,-3.364411882733121
-3.5375942069007964,-9.272209157152428
-8.234103655212728,-16.024473401840016
-12.841174016782096,-21.088360746308688
-63.696116071047086,-59.911971323050956
-69.6766340481732,-67.50786645053466
-74.90004875726997,-72.57161810677185
-79.00450376105917,-80.16790437055987
-83.62104410251482,-85.23177189012385
-87.23432354468653,-91.0420699997503
-89.93569993009298,-89.15334042883494
-35.28502572190702,-35.6108561267449
-26.743608739535585,-29.70387697918728
2.3039218745816847,8.270594955311736
5.825049898794875,15.021645864642496
78.10304763277193,73.47255186020082
81.56613616844257,78.48962964577761
85.7906664756906,84.2848359781858
90.11331084039494,91.04273088599615
91.55050289998849,95.49841281020421
93.72437936529148,100.80876255407426
96.99258102895122,103.40776667505877
97.71817437683737,97.59603971210045
94.0433182386389,89.99989498882226
91.40021497194337,84.9360702532007
87.35881385625324,79.02810955937922
82.4203235753774,73.12010570633956
79.02083392061157,67.21202612965341
26.5926373615119,27.544132927547025
21.725396262302155,21.63637824029504
17.02585240983764,15.728635977857325
12.387138089233073,9.8207705280614
7.589313288517455,3.912670739433357
1.7311528043022757,-3.6834052628032428
-4.354764077901166,-9.591281567543675
-60.237805262189475,-71.20292258822155
-92.82653872255234,-83.86257321390505
-96.0880531077774,-89.77011937748715
-98.8307787479971,-94.83420335066796
-102.26340609480543,-101.58660577816663
-106.1130930496904,-105.80645213511684
-110.22104802974285,-112.55837591814313
-164.24361606126095,-164.886093388389
-168.37520532745376,-170.79392564501114
-180.0,-176.70179695364806
-180.0,175.70202410535555
174.3479583603426,170.63810504185446
169.11599720779554,164.73008456489913
162.62865978866932,155.4462909249314
156.935527341979,150.38216061594295
151.92783898168165,145.31824111615404
114.38175019757732,119.99822241035358
109.58204494465583,114.09029838574213
104.85589806383979,108.18230683780645
100.55954002354649,101.43055949211713
96.4026077343334,94.67855645989532
92.68246725141746,89.61483736354243
89.99999999999993,83.70650952553076
86.59922157335448,77.79855443322023
82.17196079590303,71.04665599549811
-114.01895166725733,-121.51717582115721
-109.6849018819915,-115.56132224834236
-105.67147718526786,-109.56397721124046
-101.35057135785323,-102.98734713484122
-97.56326413642407,-96.23640616404077
-94.65333934070672,-98.42418094565255
-96.93814165910406,-106.01979540165478
-100.3241382390111,-112.77156799611963
-105.32550918721348,-118.67967091768256
-109.72178501952928,-125.36053882180872
-113.89797804293205,-130.92326296598893
54.485879025395256,54.39243102747833
53.09557124986337,54.390009017965994
53.60103449288421,54.38888293478936
53.77081204977073,54.38877564980113
53.69829369876633,54.392096019483496
53.66985771208802,54.39553050180816
54.06445240789111,54.399103803601186
49.43331859351762,54.4108759681912
49.36483735923654,54.41319267423959
49.67083062386185,54.41708060725329
49.14128825233063,54.41841988399111
48.15128094352936,54.419082660971576
47.62894611676257,54.41903746896786
47.5027335872904,54.41902786065596
47.130164007038246,54.41802043508217
62.54439002345194,54.4199621609134
62.32667428951707,55.22445976437886
64.09859680624356,61.16672456012046
68.2808883097758,66.37244453917464
71.45447589162201,71.57869864804191
74.56055601261508,76.7891576414861
77.77716483598876,81.99815038518503
80.18103425897812,85.41439031031811
80.84077161994374,85.41358349884193
81.02482903312922,85.41405096616492
80.3899107074105,85.41448932232221
80.26554976007475,85.41446141864502
80.018079087413,85.41451112405369
79.45143465794567,85.41539251960025
-180.0,167.9859797268107
-180.0,169.6441154414608
-180.0,169.64385067373172
-180.0,169.64357541763013
-180.0,169.64325156903467
-180.0,169.64397729318043
-180.0,169.64634464424495
168.2626848776484,169.66279121873782
167.3030033675673,169.66540355418067
166.78226182180313,169.6667700691599
166.56973867550283,169.6687405631003
167.31945337925077,169.67168653646794
167.38461142842417,169.67411604102887
162.31362447719366,158.9764284099202
157.58855915332933,152.2243933849826
152.65039232774805,145.47246516100608
148.0274183489235,139.5647188906566
142.7653867270879,132.81279181203644
138.62450195174716,126.90475644935731
5.0550643957747825,2.3359731763617306
-21.014518958266518,-28.082538240544157
-25.45340268474415,-28.694501629447974
-25.713765321878228,-28.694914662399913
-25.289609466483604,-25.719647689576224
-21.668451148438567,-18.290212424121876
-17.54388199024583,-14.575685915135898
-13.29217644559897,-10.118195803216762
-8.977560619782015,-5.120191031226529
-4.13363608003317,0.5776948046745262
0.4680873008174546,7.319600322278798
5.737754464263391,10.6951810390108
9.3786379248588,15.758287688031565
14.81678851557968,22.590829639098985
18.020318499427756,22.604751952356143
-14.813823956579046,-20.999095169780226
-18.9288895579155,-26.906971285746877
-24.38490778273419,-26.88039625088422
-22.24588957839189,-21.680344617871555
-18.735846569748638,-15.737010854002703
-13.528804095621904,-10.536683509528203
-8.86459251784081,-5.336429943120463
-3.9556221959778495,0.6069057872072593
1.8137592887401361,6.342944952175512
5.981972745306331,12.31866505293513
10.776788269153759,16.032420575305075
14.987322797828977,22.052609596316458
18.96563205635047,27.11564248626742
23.726299093337136,33.52418712037885
158.49716435598475,159.0513219551229
163.9371349069343,165.802205672803
167.80289301372903,171.70960322407043
-180.0,176.77287151165876
-180.0,-176.4762815851791
-176.52468851396756,-171.4130044112375
-170.556925542034,-165.50590011744382
-166.63180346355233,-160.4427865447954
-161.88082518817504,-154.53555777254317
-156.9631433647686,-146.94079301862777
-152.12792452563878,-143.5741798691704
-148.25640941883614,-137.8190113007979
-128.12235150949743,-136.12200877453762
-127.4217636681488,-136.12177323759948
-126.60880717537215,-136.1208294785392
-127.35287707597729,-136.12157524538316
-126.66440115410282,-136.12004704312758
-125.76117128773132,-136.11940160900897
-140.33697922132436,-136.12258722352678
-141.9650481660987,-136.12536280056648
-141.51783222872905,-136.12825967533777
-141.5972624939143,-136.13255199733342
-142.30864890626603,-136.13303191080232
-128.66091601180543,-136.1215466374491
-126.58333699127996,-136.11968583216213
-126.6316794239585,-136.11468463008163
-125.88072002005946,-136.10990469984188
-141.24729086914738,-136.11375153649087
-141.2114535600402,-136.11274001024944
-141.2995062167003,-135.9465589329341
-141.46241337704168,-133.92282045658604
-139.56248638972838,-128.33272591928522
-59.00813022345842,-61.41710497175218
-53.55305186320597,-55.509936101035045
-49.86230524052063,-51.290692551279875
-44.999618539652026,-44.58244355149464
-40.634677803201164,-39.780303940157935
-36.17138134689604,-33.029656158107144
-30.968934071456776,-27.966267765964528
-26.194149780348784,-22.05915518110449
-20.93714422393025,-16.152034232102533
-15.668558162844365,-10.24504895635452
-8.771361916865335,-3.493844407168863
-1.67329890020279,3.2571241568501654
5.0861889795061535,10.008246667386171
51.115803060745876,49.28308003901254
56.658168833660866,54.346397526567046
59.224534028450805,61.097242861381815
63.651741667015294,66.16059350715621
67.51493903484267,74.59939014280363
71.76263327331716,78.81853833040796
74.43007506654075,85.56956951555559
78.1334121044535,91.47658805051137
79.94995388330003,96.539809712872
81.1637221044598,104.13469690152401
-180.0,171.71119652856606
-180.0,177.26278220564433
-180.0,-176.3922147738481
-176.58269197598258,-172.4268951537887
-171.2057604105513,-166.80697184940985
-165.96175011362774,-160.1069218597089
-160.55543184579292,-155.04366229659104
-155.95750886347204,-147.448927776578
-150.750271898406,-144.0732299954181
-146.16913822380863,-136.47850618023165
-140.92635206072848,-129.7266076382256
-147.1210514857217,-146.5862043409382
-152.66328302002756,-152.4940194328869
-157.52872148950112,-158.40200458115993
-162.3668208494273,-164.30999192780976
125.45983858781022,138.14702170110462
124.17618164185886,129.29072142753034
119.48876690191521,123.0818991027769
116.37931952228007,119.11470783449522
112.56795213256889,113.53291544245694
108.65951870488809,109.9430503672652
107.60002495350574,109.94361550357864
107.80290275811019,109.94341905674976
107.90351017368918,109.9428873984617
107.51110862279599,109.94259696490776
107.35727617913291,109.94240804988095
107.41288852071393,109.94191860285271
106.92884463470747,109.94153702440522
97.4099513796421,109.94017171299272
96.17270950018,109.93988215325354
95.1042814333139,109.93958323539697
94.02935820668226,109.939207533378
92.28729978710334,109.93892524462505
114.25825727899431,109.93580032559444
114.14877155846185,109.93566564462218
114.85705995270928,109.93543752779905
115.18775041975464,109.93510908231777
115.42991588933684,109.93461275541462
115.83216576876775,109.99685239890518
115.42876680662424,105.2925853844157
111.83300949264101,98.5405224700779
49.77016985793705,53.810158620553295
46.1200210414777,47.05824641235062
40.99634488892149,40.30641391172361
36.23261349666643,33.55473983502692
32.1451846595961,27.64705323145572
26.45859565140843,21.73925787478794
21.9286624362462,15.831323438823004
16.424777013784187,9.923594537476045
10.575247028662961,4.859641806748095
3.4185358278669655,-1.891979064775114
-22.79869142804808,-24.67936574625905
-28.39097338706619,-30.587175086659897
-34.0321458932654,-35.65096367311645
-37.77682046906485,-40.714916366689536
-42.385805011255336,-46.62275763826746
-45.7985609641516,-52.8022760996103
-50.80951789216797,-57.54993547705284
-53.782930738764925,-63.88073551916105
-57.376109937722674,-69.42028189617216
-60.626708302305154,-74.14035982354844
-69.3356123629366,-75.60176144274071
-68.89174666118556,-75.60216490180245
-69.03838812248642,-75.60147092835076
-68.35552565998682,-75.59963877947928
-68.45262372790992,-75.59746484591284
-67.21031286620764,-75.59771239832325
-66.7278445529937,-75.59418917336424
-66.23103634211633,-75.59573446765334
-75.43266545159548,-75.59891498275424
-75.84880107383383,-75.59827583180625
-75.13397935221604,-75.59492492235343
-75.56421498525155,-75.59508658080827
-75.12040893661074,-75.59459428855745
-75.88992264159798,-75.59634144297695
-75.16739114358124,-75.5964264392957
-75.54233751754543,-75.5942473937109
-83.704435881766,-75.59454237367633
-83.95383451684322,-75.59525384324675
-84.7245322633016,-75.59643682571264
-85.67254353238081,-75.59782985269709
-85.91740363720011,-75.59699160640253
-86.90701515990432,-75.59821594643563
-88.05832312721226,-75.59954694217855
-90.28553110328838,-75.5997350825786
-8.380048085448147,-3.1946832417350226
-3.647071992479783,1.8684829754248793
2.521773259151065,8.61944427088134
7.901629195108197,11.887884428636355
11.73376883387672,11.864766308548381
12.208262761455341,11.864433130917263
12.029220749975547,11.863954916144591
10.873491999833444,11.863698154841632
10.889928369478568,11.864750308155989
10.592520899016591,11.703066465144456
10.45977565074007,7.0451786460853025
5.015325127352747,1.1372348739527633
0.06404038064971611,-5.039181633468269
-5.247584863658177,-10.947088471872414
-10.322434277567215,-16.011057473367117
-14.871109612240126,-21.918851056339737
-19.40643016448549,-28.670532032656215
-23.762613583694527,-33.73443267491501
179.74527752346484,174.41054006633405
174.3577524499452,169.3463472661606
168.0308673946023,163.43851299104875
162.70463541360294,158.70451835969533
158.54801429497235,158.70716466969947
159.11602486802255,158.707910602965
159.37920280812818,158.70819717060073
158.86726771720947,158.71197579233296
159.1795441883147,158.7145465274788
159.2715178051556,158.71670553326737
162.3458407377514,158.72374769991848
162.81924798949987,158.72477146550347
162.98224031624054,158.72609860836008
163.23809168918487,158.72731032130207
157.95255013552804,158.73933471960555
156.7865371696664,158.74116907572707
157.07590996873327,158.73991760920288
156.92302891188854,158.7376470198441
156.27840246116122,158.73537094436452
156.95988064965883,158.73664728292584
156.27661384825672,158.7342146229927
155.43380500466762,158.73729236072
161.4284867267707,158.738981780284
161.55249112429135,158.73242930836017
160.87517571026945,158.72919483069305
161.00518604399517,158.72710839070817
161.12725766972886,158.72684162440152
161.23676982393698,158.729323423336
161.65205288343012,158.7299967870309
161.97664493080097,158.72851707494044
82.29538811372971,91.23784164268497
80.13275400792132,87.86220922285149
76.86922717558556,82.79794124057668
73.0379701390426,76.04608947991531
68.77268469269028,70.13805844582791
64.88744242102422,65.9181912464342
18.023520979583413,18.65472350771655
13.978269192273215,14.435049196813006
10.574978504170515,8.527064017985
7.0195725887842215,3.462806370757175
1.9392677182578364,-2.445094616043727
-3.096770077866235,-7.509040466063769
-7.7737614776638475,-13.416963162264107
-13.299655721678855,-18.480837884422574
-18.26217599890336,-24.388759735295032
-23.28625652268097,-29.623028470956864
-27.07523361827262,-34.57666692601983
-31.553193968643164,-43.016535780542924
-36.26941413286969,-48.865514226755714
-72.13350980725535,-76.85709214223148
-75.1431251628102,-84.45293991418986
-78.28104973494304,-88.67308561380666
-80.33312778168712,-94.58105536588832
-81.57470717900578,-100.4892036603534
-110.64749005259542,-104.38996521444757
-111.56641311231195,-104.39195450099567
-111.30663146221166,-104.39459450564706
-111.58432685100813,-104.39767785084507
-112.67244061092049,-104.3983693306578
-113.00970168292663,-104.39677647641547
-113.19613366986677,-104.39458006214839
168.84151843062895,163.05881807980765
162.1884544257488,157.15102604455748
156.70331975228095,151.24320269733516
151.49725875105213,144.491647943184
146.70079091887374,139.42770126640508
32.99370112560753,34.127522280149066
28.776248611942872,30.356625609106406
25.757273124317116,24.650341019652767
21.059379587416142,18.742548840787993
16.653219821681994,12.834758977236199
11.147644837743602,6.9269905052426495
5.773168085835388,1.3483933266854078
2.6066098844365184,5.737649098830829
7.294047544175423,11.64485412139269
12.372538114788956,18.395928163128623
17.41468173516693,23.459117147458183
21.854152515295276,28.52231729895874
26.08769077744352,35.27252371240804
29.419847644634174,41.15926489575851
145.32896514498626,147.8904989902076
149.82436429854963,153.09067930363335
155.21976650820346,159.0339280504333
160.2491994241403,164.23803492514006
165.4901434494356,169.43834972686355
170.749018563605,175.3814756838952
176.76994540877965,-178.31852088769014
-180.0,177.960575656854
176.19211436614026,171.20890909515865
170.11196308682372,166.14570806887323
164.9152591282413,159.39411305793905
158.9404830641191,154.32921048964386
153.63348973145523,147.57727814443734
148.6093855398266,141.66938286509742
143.53462529352993,136.605526796894
138.30936055196398,130.7215827600082
31.579590171809933,33.440697141129306
27.70829310939799,26.701522809284974
22.690948712635098,21.637881900232713
18.28561428556219,16.574052345209562
14.37937583415036,11.510255044273146
10.200761354054134,5.602403977430153
5.998921227601658,0.5385763814507408
-1.454537102132752,-4.531849373085618
-3.653926362911574,-5.022751329320877
-3.652692212860749,0.019362168289072494
-0.0,5.224639257826044
6.645791799314681,10.429488269846656
11.152134874343698,14.89097398702473
15.570163691358564,20.093547624036674
84.95826676497502,77.2749819386794
90.31182779392708,81.73236601491625
92.61045642624168,86.93268920071375
94.58363959656744,91.39013328394977
97.23672562267843,98.07625959942926
100.84393453616042,101.79082640654354
104.7056417172527,108.47700293646758
158.842724014624,157.78519053266754
162.64744760557392,162.3976304368923
164.52291280063812,160.5342540932211
163.93932526828203,154.62535433631257
125.88161689600878,120.72467125229473
125.55092037103,114.9865295432471
121.87285782943208,109.92252232850265
118.90845594860139,104.8586404236748
86.10077584247959,92.199045582889
78.77845112073086,87.13541198883793
76.70583076017294,82.17375636852283
74.16297566617745,82.18312694259293
73.64824153112693,82.18184438481423
72.777824185889,82.18066517625275
72.49300721089767,81.8617724857072
71.76002713587995,76.1863414831366
67.70513176266749,70.27908861066315
63.15116831148918,64.37137924365469
60.01441267488101,59.30757242666386
55.43776839396755,54.243826199375086
51.28394268467165,47.50193397625736
46.74206286937523,45.902228302883486
23.473112279920542,25.42958514192085
19.785448147004892,19.30934233194702
15.577172923327987,18.558660952963542
15.629018053720692,18.55662140689593
15.305386411034057,18.55591053997375
15.33747320372351,18.461965588335143
14.444469996596785,13.0927224484685
10.049354049302243,5.49699061902084
3.940820293776783,0.4332247423217248
-1.9141986307469763,-6.318587987508818
-6.718668175431911,-12.226276716069432
-12.334335735206144,-17.921968248735627
-15.68955636165755,-18.05766321173954
-15.41432068110341,-18.057728384132727
-15.633810734379873,-18.058137712575302
-14.992257957836365,-18.619414379281178
-17.16292517122519,-24.413172271722843
-21.91446662074076,-31.165217833839947
-26.05027438808122,-36.2290969215565
-51.02069126778196,-44.80269680768352
-52.24444864328345,-44.80432956765034
-54.04446211471442,-44.804516620834235
-59.09473827554315,-54.52520798392296
-63.484840989179695,-61.276888403858464
-66.9216834520675,-66.34089483361018
-71.47671252193364,-66.68027770011467
-69.97949303528102,-61.47450707336928
-66.64564271980099,-56.27394283369813
-63.093927387935985,-51.07363171107943
-58.43219962605784,-45.658944192428805
-31.244377088655973,-30.73573178699715
-27.23866769182757,-25.535092432358653
-22.87202973831055,-19.592091163418804
-18.63553843658666,-15.134642194265583
-13.72055883646506,-9.19122726158664
-8.85088836299069,-4.7337795187662355
-4.21751430506343,-0.2763172938704863
1.4914278308331015,5.667866043478794
43.228736579023625,56.9345403135577
104.32574914806858,113.56249475113033
107.40388526645539,119.46964880918938
111.67211291445267,126.22078256980589
114.93590309920945,131.2839819368175
-87.41363066439712,-69.20009567388516
-41.088448652970364,-35.7348371743153
-37.47779696787735,-30.534415512620818
-33.40869933040479,-25.334122200564618
-28.749854345912027,-20.13369772852426
33.61179756224901,35.03713531470424
39.88387086598939,39.85192308975796
92.1705550545054,96.01077896079117
94.0538015611237,100.18509359742568
96.04695186909119,106.09003000095021
100.66946854860599,112.84114353860774
104.66194695153554,118.74836504883649
108.02447880071848,125.4993304520354
-92.93297251871962,-100.85494469879814
-96.49037320569323,-106.76244562870171
-99.54802393066527,-112.67060893616892
-102.69168286091738,-117.73462114816188
-105.63997609717697,-122.70503844931278
-104.03646730800537,-112.37990586736018
-99.96313421110968,-106.47268427119576
-96.45582284134328,-100.56563235924627
-93.16472382274853,-96.34623773368439
-89.59161034216645,-90.43909716935138
-87.98516860367621,-87.45451211845206
-85.84613822739065,-87.13133432484902
-85.69042225230002,-87.13150953642048
-85.64132125256063,-87.13206133036752
-85.62840024531961,-85.35208218088624
-85.01827044208726,-80.28886731394346
-81.5086015409884,-76.0692885970675
-77.43096075169778,-69.31834129646175
-73.27112775815725,-65.09895566520642
-68.47104435916634,-60.879584012692575
-65.40082366449923,-54.972604407265365
-26.668252228905374,-28.393286448410674
-22.84236336182642,-23.17523299766713
-19.138775456295676,-18.71777220217098
-14.78057385224447,-12.031513708104534
-10.121323595679948,-6.831143119367097
-6.6548620789279465,-3.11660567604021
-2.1464776412980306,2.0837225320995465
2.2503610816148347,5.7985649468622995
6.801355267266546,11.741635421155486
96.78464732834868,89.52782175636423
98.79448138463682,94.78413192118909
102.436336683239,100.62456823649147
106.08174400772326,105.67695950856667
110.13152900584477,111.04032262746915
113.78308682647041,115.49774525054991
107.24685610484393,123.64179983837738
129.26665576981884,124.05630107343121
130.2700520317521,124.05595530984644
130.5833102997078,124.05549828384221
129.95234550485395,124.05526173119874
130.67059388825572,124.05520267634898
131.71586250752418,124.0547509418961
132.13045439919378,124.05419426019655
118.22087659010823,124.05245946738897
116.23441201342207,124.0522204256347
116.68605154249897,124.05182683352683
116.72863687175489,124.05155988652132
115.60063381119446,124.05112056930908
115.10885629992562,124.05071547430515
114.31804513984585,124.05059169483356
113.3509011332608,124.05031401040124
123.45426967618998,117.59132706679807
119.28433996835702,112.52765319206894
116.02912999011686,105.77555454308468
112.20894360679014,99.86767602569128
42.59122428702671,45.0077212184031
2.440589849269391,-1.4121675714765978
0.4738079157996019,-7.320189808552565
-8.304613955420114,-14.071852503627303
-12.247282574081751,-19.980093751977176
-17.33649119832581,-24.200003542848837
-21.488476314099213,-30.10784081152472
-25.014541705151625,-34.327768249560904
-29.204817588011178,-41.92368125228963
-60.6803950489781,-62.69984608627942
-63.834371657887004,-68.36435519677765
-67.31550513510379,-74.27220887024262
-69.92821132403431,-80.17997273733735
-72.75184121072321,-85.24396282543039
-75.68457004147804,-88.6198189918833
-77.26236922412306,-93.68381736527103
-110.7286560121782,-105.22787073736188
-144.7908190802436,-156.19284277014663
-167.11597074440016,-170.54034918553697
-180.0,-173.91614103811105
-180.0,178.488013074468
177.9154080084305,174.26815184991068
173.15746664685628,165.82845754405628
167.3097271726524,161.6083949492946
161.5825600984782,154.01264788955805
156.35303061467417,148.94894504198425
151.0959016647973,143.88524213632
146.59399189518453,137.13355285116822
142.58504027028832,131.59071763823945
142.19627255224506,142.06566522800753
146.36302878814203,145.44077677816261
150.86983814040303,152.19155210530292
154.21345516347841,158.0991638813129
159.44779459470212,163.16263279602143
165.15171403419384,169.06969618956043
170.50671657310932,174.97664168784044
175.94798740388288,-178.2723415828686
-180.0,-173.20900390601588
-172.65399971631874,-166.45791342761555
-168.0087737715084,-161.39476338055735
-164.11723242356362,-153.80000612096276
-145.56930930261927,-148.78695467463945
-109.48428451369625,-95.16642138102088
-80.3940148063,-89.95099781115748
-77.93108015633138,-85.49537902564266
-75.3720759189966,-79.8997888403111
-72.54295653198423,-74.83667232537847
-70.60686104756435,-68.92947789381934
-66.43002674763001,-63.022382920877284
-63.59417998786697,-59.13724745978254
-61.173405785420364,-64.37136304354016
-64.23415266082506,-70.27924484292893
-67.99009096808025,-76.18694932673532
-71.0906642865852,-80.40667200223879
-74.16172154980086,-85.47004767360522
-76.58609028540704,-91.70325141062384
-78.34956831503656,-96.4085803630853
-164.12853988523318,-165.2521330349533
-169.05860073522268,-172.84779896375636
-180.0,-177.91172691657596
-180.0,177.0245309478533
175.40826549160982,170.2726987543165
169.29208508529427,164.3650005348168
163.55354199397635,158.45723798310354
158.73329281278978,151.70513486854298
153.35705250142647,144.9534403422481
148.8581145063046,139.88952716601665
143.80503875984124,133.9819588910732
-164.124086925082,-161.12240902904963
-160.9900834087865,-155.17896343484668
-156.85628582390362,-150.72150803746905
-153.39396370366308,-145.52118979582545
-149.6453797551517,-141.0637496675459
-145.05923419781575,-135.12036832227457
-112.10021989250924,-104.64826025747122
-109.39465043957874,-97.96208762036804
-106.46194536850051,-94.24755059292539
-104.8354782304103,-89.79020586862266
-115.73014767947457,-112.79409854070721
-120.185326666405,-118.37160004230205
-123.96588211722782,-123.7262115309127
-128.40325807407012,-129.5886199594918
-133.35252132744384,-135.3978245483128
-138.61822460357982,-141.3056207842558
180.0,165.98567543286643
167.33663644257481,160.07740668480793
163.30195037824285,155.01340995873005
127.31438337168323,122.94143876408648
122.48065329274743,117.87741139762528
118.71363728590119,111.12569547736442
114.88213912758867,105.21801555993093
111.3230275413637,99.30973029869033
109.91468055645252,93.4017256775932
141.70778628969668,140.0108835696073
146.55519650187782,145.91804888227034
150.65423940200972,149.1194217517823
152.9296035676161,149.11565013041974
-180.0,171.31436234445027
-180.0,176.5147673019429
-180.0,-179.02781690208295
-176.40162425282148,-173.8275013938528
-172.4827392862329,-168.62699412243654
-167.52693189716427,-166.13511020450062
-166.16486610993496,-166.13484443367017
-165.759350308395,-166.13528251422608
-165.54999441401526,-166.1355922651744
-165.49821325353545,-166.13584986550268
-167.3794883505556,-166.1381074849
-167.6394445077465,-166.13902103485808
-167.55043432374137,-166.138354058987
-167.47002585064143,-166.13914907546356
-167.72630988682374,-166.13958210345763
-167.697332213917,-166.1404357797875
-167.9826825701614,-166.142869471738
-168.23877887230648,-166.1415468052022
-167.89448197262575,-166.142259076064
-84.63185539406764,-95.28511775495772
-82.83766219189489,-89.37790985315974
-81.25701413382302,-84.31472296286503
-77.5056396775072,-81.11100390811552
-76.09146609325441,-81.1116278082831
-75.91745655142897,-81.1122166018774
-75.22444922255794,-80.73996137318863
-75.65449680815466,-75.95330719689039
-70.16637479009054,-70.04600270761199
-65.99504527993369,-64.13884674030662
-61.566278148874716,-58.565866699336596
-59.0270364918228,-63.81776147464901
-63.73310189825186,-70.56938314934646
-68.27052422718836,-75.63265284886002
-72.41349554632102,-81.54104708140386
-77.17935355090933,-82.99366529153264
-75.89732734106393,-76.24383816333493
-71.90600453433066,-71.18002301105123
-67.47786787059773,-64.42889756992774
-62.66276513473274,-64.94431195164992
-62.63588921152961,-71.69588779462904
-68.05764780676027,-71.1628314886011
-68.64927538152219,-66.9435997584879
-64.05476094626509,-61.36823727341629
-60.378386721572774,-67.46121886781515
-65.158109571656,-71.68075418235965
-69.4685761623403,-70.46679779276766
-67.46815556922138,-65.40368138781987
-62.63167449195555,-65.0520539716995
-64.5764524427797,-70.95954193395103
-69.38161529864675,-74.474954091558
-70.07128397571296,-70.30686470765094
-66.12221501307926,-64.39982126282185
-61.14580867456639,-57.648898840434484
-57.45237158527318,-53.996665929908154
-54.33717801893883,-60.702683912111866
-59.57872539156664,-64.07842439365668
-63.14180967598481,-69.98591153461027
-68.22152190667217,-75.69241256909177
-71.26838586485877,-71.2686502370392
-68.69995058647378,-67.2915167715707
-64.59328623573015,-67.36652883470313
-66.4702936723112,-73.2437318225923
-70.94881961336058,-78.12123261605318
-72.64343266133373,-71.15690355954168
-68.64812686064053,-66.93744887649378
-63.9030567645351,-61.03041412306785
-59.601856033438146,-53.4355455242185
-55.185149525494744,-49.21625731398183
-49.963639828344775,-44.192063766944244
-45.11635286271,-37.440406774045286
-38.692342925469866,-32.37712990693606
1.2563763871650468,7.412524724302617
5.269320103368104,12.86766542886121
35.999686557009134,39.88308205758081
40.166811266072,45.08354201187622
44.41873890373858,51.02673744441595
47.281350743431695,54.74122956739608
49.983682701769645,58.45560545811132
53.3139900619587,63.656020239694676
56.33130895249202,69.59951261000634
4.46891713925793,1.818691112594929
-0.03978363973947972,-4.089319917229842
-0.5088387501980407,-9.997154044889838
-25.484983786413622,-29.262199087955015
-25.68801850857671,-29.26256763222214
-25.91396240320519,-29.262714936712836
-24.65861153193564,-29.262948045684624
-25.31321173692934,-29.263327509181448
-24.90940929901446,-29.263774220477117
-24.220484494883806,-29.264258455577817
-24.528898572888608,-29.264543467612235
-73.52584793164797,-67.0817016330448
-77.27193097437164,-72.1456613867797
-80.11751633352274,-78.05348094518142
-84.18905348680704,-85.55225525565801
-86.18704445427088,-88.92826860377679
-90.0,-94.78306223443906
-92.15081213749056,-101.52194396111977
-94.85209438007152,-109.11769812832077
-98.68663325779494,-113.33755772101028
-102.57716825118227,-119.24541541758289
-106.17546898238949,-124.30924695235109
-180.0,-170.72860240108196
148.00395676576537,136.94533677979948
31.56460094123262,33.172059350898074
27.32097783486361,27.26425151898982
-2.4642957959120646,-8.182759090275665
-5.9685293768952645,-14.934418502810253
-6.745984489587902,-6.4859622607342615
-3.5136791013014914,-0.5788927662724397
26.868083505805938,36.772219684846256
31.650508219085253,41.22947235217582
-180.0,-176.46005762125256
-175.64666630474568,-171.39673964530274
-169.3876754162849,-166.33353076490957
-162.93303353466507,-162.98430819328536
-163.150565410269,-162.98408358958602
-163.8958798003133,-162.98556881062908
-163.84746453721218,-162.98603841101217
-164.05783889244418,-162.98640417530132
-164.261419867123,-162.98687883928272
-164.1330654214634,-162.9872671519011
-164.48908028342134,-162.9875513862771
-164.9669452860639,-162.98769199813273
-164.20044827296528,-162.98809993510017
26.461205134006907,28.042158794358645
23.724753156177172,22.134484009761167
11.451283530600591,16.978707599054445
15.908057258156276,21.436347884822403
20.043379848385655,26.59994748750605
23.947571959083557,31.907432978612064
26.935034445750265,37.86760305094924
30.914192676149785,43.06772861706231
-93.73627715936806,-103.77473778660186
-87.84306057755421,-99.31750008172038
-86.62447576224876,-95.14606604133465
